-- The C compiler identification is GNU 15.2.0
-- Detecting C compiler ABI info
-- Detecting C compiler ABI info - done
-- Check for working C compiler: /usr/bin/cc - skipped
-- Detecting C compile features
-- Detecting C compile features - done
-- Configuring done (0.1s)
-- Generating done (0.0s)
-- Build files have been written to: /home/signalprocessing-dev/OpenArmIK/ros2_ws/native_build/can
[ 20%] Building C object CMakeFiles/openarm_can.dir/src/openarm_can.c.o
[ 40%] Building C object CMakeFiles/openarm_can.dir/src/openarm_can_linux.c.o
[ 60%] Linking C static library libopenarm_can.a
[ 60%] Built target openarm_can
[ 80%] Building C object CMakeFiles/openarm_can_tests.dir/tests/test_openarm_can.c.o
[100%] Linking C executable openarm_can_tests
[100%] Built target openarm_can_tests
Test project /home/signalprocessing-dev/OpenArmIK/ros2_ws/native_build/can
    Start 1: openarm_can_tests
1/1 Test #1: openarm_can_tests ................   Passed    0.00 sec

100% tests passed, 0 tests failed out of 1

Total Test time (real) =   0.00 sec
-- Install configuration: "Release"
-- Installing: /home/signalprocessing-dev/OpenArmIK/ros2_ws/install/lib/libopenarm_can.a
-- Installing: /home/signalprocessing-dev/OpenArmIK/ros2_ws/install/include/openarm_can.h
-- Installing: /home/signalprocessing-dev/OpenArmIK/ros2_ws/install/lib/cmake/OpenArmCan/OpenArmCanTargets.cmake
-- Installing: /home/signalprocessing-dev/OpenArmIK/ros2_ws/install/lib/cmake/OpenArmCan/OpenArmCanTargets-release.cmake
-- Installing: /home/signalprocessing-dev/OpenArmIK/ros2_ws/install/lib/cmake/OpenArmCan/OpenArmCanConfig.cmake
-- Installing: /home/signalprocessing-dev/OpenArmIK/ros2_ws/install/lib/cmake/OpenArmCan/OpenArmCanConfigVersion.cmake
-- Installing: /home/signalprocessing-dev/OpenArmIK/ros2_ws/install/lib/cmake/openarm_can/openarm_canConfig.cmake
-- Installing: /home/signalprocessing-dev/OpenArmIK/ros2_ws/install/lib/cmake/openarm_can/openarm_canConfigVersion.cmake
-- The C compiler identification is GNU 15.2.0
-- Detecting C compiler ABI info
-- Detecting C compiler ABI info - done
-- Check for working C compiler: /usr/bin/cc - skipped
-- Detecting C compile features
-- Detecting C compile features - done
-- Found Python3: /usr/bin/python3 (found version "3.14.4") found components: Interpreter
-- Configuring done (0.2s)
-- Generating done (0.0s)
-- Build files have been written to: /home/signalprocessing-dev/OpenArmIK/ros2_ws/native_build/model
[ 12%] Building C object CMakeFiles/openarm_model.dir/src/openarm_model.c.o
[ 25%] Linking C static library libopenarm_model.a
[ 25%] Built target openarm_model
[ 50%] Building C object CMakeFiles/oa_model_abi_v1_canary.dir/tests/abi_v1_canary.c.o
[ 50%] Building C object CMakeFiles/oa_model_reference_driver.dir/tests/reference_driver.c.o
[ 62%] Building C object CMakeFiles/oa_model_tests.dir/tests/test_model.c.o
[ 87%] Linking C executable oa_model_abi_v1_canary
[ 87%] Linking C executable oa_model_reference_driver
[ 87%] Built target oa_model_abi_v1_canary
[ 87%] Built target oa_model_reference_driver
[100%] Linking C executable oa_model_tests
[100%] Built target oa_model_tests
Test project /home/signalprocessing-dev/OpenArmIK/ros2_ws/native_build/model
    Start 1: oa_model_tests
1/4 Test #1: oa_model_tests ...................   Passed    0.08 sec
    Start 2: oa_model_abi_v1_canary
2/4 Test #2: oa_model_abi_v1_canary ...........   Passed    0.00 sec
    Start 3: oa_model_python_reference
3/4 Test #3: oa_model_python_reference ........   Passed    0.11 sec
    Start 4: oa_model_generator_determinism
4/4 Test #4: oa_model_generator_determinism ...   Passed    1.71 sec

100% tests passed, 0 tests failed out of 4

Total Test time (real) =   1.91 sec
-- Install configuration: "Release"
-- Installing: /home/signalprocessing-dev/OpenArmIK/ros2_ws/install/lib/libopenarm_model.a
-- Up-to-date: /home/signalprocessing-dev/OpenArmIK/ros2_ws/install/include
-- Installing: /home/signalprocessing-dev/OpenArmIK/ros2_ws/install/include/openarm_model.h
-- Installing: /home/signalprocessing-dev/OpenArmIK/ros2_ws/install/share/openarm_model/openarm_v10_bimanual.urdf
-- Installing: /home/signalprocessing-dev/OpenArmIK/ros2_ws/install/share/openarm_model/LICENSE.txt
-- Installing: /home/signalprocessing-dev/OpenArmIK/ros2_ws/install/share/openarm_model/NOTICE
-- Installing: /home/signalprocessing-dev/OpenArmIK/ros2_ws/install/lib/cmake/openarm_model/openarm_modelTargets.cmake
-- Installing: /home/signalprocessing-dev/OpenArmIK/ros2_ws/install/lib/cmake/openarm_model/openarm_modelTargets-release.cmake
-- Installing: /home/signalprocessing-dev/OpenArmIK/ros2_ws/install/lib/cmake/openarm_model/openarm_modelConfig.cmake
-- Installing: /home/signalprocessing-dev/OpenArmIK/ros2_ws/install/lib/cmake/openarm_model/openarm_modelConfigVersion.cmake
-- The C compiler identification is GNU 15.2.0
-- The CXX compiler identification is GNU 15.2.0
-- Detecting C compiler ABI info
-- Detecting C compiler ABI info - done
-- Check for working C compiler: /usr/bin/cc - skipped
-- Detecting C compile features
-- Detecting C compile features - done
-- Detecting CXX compiler ABI info
-- Detecting CXX compiler ABI info - done
-- Check for working CXX compiler: /usr/bin/c++ - skipped
-- Detecting CXX compile features
-- Detecting CXX compile features - done
-- Performing Test CMAKE_HAVE_LIBC_PTHREAD
-- Performing Test CMAKE_HAVE_LIBC_PTHREAD - Success
-- Found Threads: TRUE
-- Configuring done (0.3s)
-- Generating done (0.0s)
-- Build files have been written to: /home/signalprocessing-dev/OpenArmIK/ros2_ws/native_build/commission
[ 10%] Building CXX object CMakeFiles/openarm_commission.dir/src/calibration_session.cpp.o
[ 30%] Building CXX object CMakeFiles/openarm_commission.dir/src/c_api.cpp.o
[ 30%] Building CXX object CMakeFiles/openarm_commission_test.dir/src/calibration_session.cpp.o
[ 40%] Building CXX object CMakeFiles/openarm_commission_test.dir/src/c_api.cpp.o
[ 50%] Linking CXX static library libopenarm_commission.a
[ 60%] Linking CXX static library libopenarm_commission_test.a
[ 60%] Built target openarm_commission
[ 70%] Building C object CMakeFiles/openarm_commission_c11_consumer.dir/tests/c11_consumer.c.o
[ 70%] Built target openarm_commission_test
[ 90%] Linking CXX executable openarm_commission_c11_consumer
[ 90%] Building CXX object CMakeFiles/openarm_commission_tests.dir/tests/test_commission.cpp.o
[ 90%] Built target openarm_commission_c11_consumer
[100%] Linking CXX executable openarm_commission_tests
[100%] Built target openarm_commission_tests
Test project /home/signalprocessing-dev/OpenArmIK/ros2_ws/native_build/commission
    Start 1: openarm_commission_tests
1/2 Test #1: openarm_commission_tests ..........   Passed    0.02 sec
    Start 2: openarm_commission_c11_consumer
2/2 Test #2: openarm_commission_c11_consumer ...   Passed    0.00 sec

100% tests passed, 0 tests failed out of 2

Total Test time (real) =   0.02 sec
-- Install configuration: "Release"
-- Installing: /home/signalprocessing-dev/OpenArmIK/ros2_ws/install/lib/libopenarm_commission.a
-- Installing: /home/signalprocessing-dev/OpenArmIK/ros2_ws/install/include/openarm_commission.h
-- Installing: /home/signalprocessing-dev/OpenArmIK/ros2_ws/install/lib/cmake/openarm_commission/openarm_commissionTargets.cmake
-- Installing: /home/signalprocessing-dev/OpenArmIK/ros2_ws/install/lib/cmake/openarm_commission/openarm_commissionTargets-release.cmake
-- Installing: /home/signalprocessing-dev/OpenArmIK/ros2_ws/install/lib/cmake/openarm_commission/openarm_commissionConfig.cmake
-- Installing: /home/signalprocessing-dev/OpenArmIK/ros2_ws/install/lib/cmake/openarm_commission/openarm_commissionConfigVersion.cmake
-- The C compiler identification is GNU 15.2.0
-- The CXX compiler identification is GNU 15.2.0
-- Detecting C compiler ABI info
-- Detecting C compiler ABI info - done
-- Check for working C compiler: /usr/bin/cc - skipped
-- Detecting C compile features
-- Detecting C compile features - done
-- Detecting CXX compiler ABI info
-- Detecting CXX compiler ABI info - done
-- Check for working CXX compiler: /usr/bin/c++ - skipped
-- Detecting CXX compile features
-- Detecting CXX compile features - done
-- Performing Test CMAKE_HAVE_LIBC_PTHREAD
-- Performing Test CMAKE_HAVE_LIBC_PTHREAD - Success
-- Found Threads: TRUE
-- Configuring done (0.3s)
-- Generating done (0.0s)
-- Build files have been written to: /home/signalprocessing-dev/OpenArmIK/ros2_ws/native_build/transport
[ 12%] Building CXX object CMakeFiles/openarm_transport.dir/src/c_api.cpp.o
[ 37%] Building CXX object CMakeFiles/openarm_transport.dir/src/transport.cpp.o
[ 37%] Building CXX object CMakeFiles/openarm_transport.dir/src/socketcan_backend.cpp.o
[ 50%] Linking CXX static library libopenarm_transport.a
[ 50%] Built target openarm_transport
[ 62%] Building CXX object CMakeFiles/openarm_transport_tests.dir/tests/test_transport.cpp.o
[ 75%] Building C object CMakeFiles/openarm_transport_c11_consumer.dir/tests/c11_consumer.c.o
[ 87%] Linking CXX executable openarm_transport_c11_consumer
[ 87%] Built target openarm_transport_c11_consumer
[100%] Linking CXX executable openarm_transport_tests
[100%] Built target openarm_transport_tests
Test project /home/signalprocessing-dev/OpenArmIK/ros2_ws/native_build/transport
    Start 1: openarm_transport_tests
1/3 Test #1: openarm_transport_tests ..............   Passed    0.00 sec
    Start 2: openarm_transport_c11_consumer
2/3 Test #2: openarm_transport_c11_consumer .......   Passed    0.00 sec
    Start 3: openarm_transport_install_consumer
3/3 Test #3: openarm_transport_install_consumer ...   Passed    0.43 sec

100% tests passed, 0 tests failed out of 3

Total Test time (real) =   0.43 sec
-- Install configuration: "Release"
-- Installing: /home/signalprocessing-dev/OpenArmIK/ros2_ws/install/lib/libopenarm_transport.a
-- Installing: /home/signalprocessing-dev/OpenArmIK/ros2_ws/install/include/openarm_transport.h
-- Installing: /home/signalprocessing-dev/OpenArmIK/ros2_ws/install/lib/cmake/OpenArmTransport/OpenArmTransportTargets.cmake
-- Installing: /home/signalprocessing-dev/OpenArmIK/ros2_ws/install/lib/cmake/OpenArmTransport/OpenArmTransportTargets-release.cmake
-- Installing: /home/signalprocessing-dev/OpenArmIK/ros2_ws/install/lib/cmake/OpenArmTransport/OpenArmTransportConfig.cmake
-- Installing: /home/signalprocessing-dev/OpenArmIK/ros2_ws/install/lib/cmake/OpenArmTransport/OpenArmTransportConfigVersion.cmake
-- The C compiler identification is GNU 15.2.0
-- The CXX compiler identification is GNU 15.2.0
-- Detecting C compiler ABI info
-- Detecting C compiler ABI info - done
-- Check for working C compiler: /usr/bin/cc - skipped
-- Detecting C compile features
-- Detecting C compile features - done
-- Detecting CXX compiler ABI info
-- Detecting CXX compiler ABI info - done
-- Check for working CXX compiler: /usr/bin/c++ - skipped
-- Detecting CXX compile features
-- Detecting CXX compile features - done
-- Performing Test CMAKE_HAVE_LIBC_PTHREAD
-- Performing Test CMAKE_HAVE_LIBC_PTHREAD - Success
-- Found Threads: TRUE
-- Performing Test oa_model_control_legacy_c11_compiles
-- Performing Test oa_model_control_legacy_c11_compiles - Failed
-- Performing Test oa_model_control_legacy_cxx17_compiles
-- Performing Test oa_model_control_legacy_cxx17_compiles - Failed
-- Performing Test oa_control_model_legacy_c11_compiles
-- Performing Test oa_control_model_legacy_c11_compiles - Failed
-- Performing Test oa_control_model_legacy_cxx17_compiles
-- Performing Test oa_control_model_legacy_cxx17_compiles - Failed
-- Performing Test oa_model_late_optout_legacy_c11_compiles
-- Performing Test oa_model_late_optout_legacy_c11_compiles - Failed
-- Performing Test oa_model_late_optout_legacy_cxx17_compiles
-- Performing Test oa_model_late_optout_legacy_cxx17_compiles - Failed
-- Performing Test oa_control_late_optout_legacy_c11_compiles
-- Performing Test oa_control_late_optout_legacy_c11_compiles - Failed
-- Performing Test oa_control_late_optout_legacy_cxx17_compiles
-- Performing Test oa_control_late_optout_legacy_cxx17_compiles - Failed
-- Configuring done (0.5s)
-- Generating done (0.1s)
-- Build files have been written to: /home/signalprocessing-dev/OpenArmIK/ros2_ws/native_build/control
[  6%] Building C object CMakeFiles/oa_headers_openarm_can_openarm_model_c_canonical.dir/public_header_matrix/oa_headers_openarm_can_openarm_model_c_canonical.c.o
[  6%] Building CXX object CMakeFiles/openarm_control.dir/src/standard_manifest.cpp.o
[  6%] Building C object CMakeFiles/oa_headers_openarm_can_openarm_transport_c_legacy.dir/public_header_matrix/oa_headers_openarm_can_openarm_transport_c_legacy.c.o
[  6%] Building CXX object CMakeFiles/openarm_control.dir/src/control_core.cpp.o
[  6%] Building CXX object CMakeFiles/openarm_control.dir/src/kinematics.cpp.o
[  7%] Building CXX object CMakeFiles/openarm_control.dir/src/c_api.cpp.o
[  7%] Building CXX object CMakeFiles/oa_headers_openarm_can_openarm_model_cxx_legacy.dir/public_header_matrix/oa_headers_openarm_can_openarm_model_cxx_legacy.cpp.o
[  8%] Building C object CMakeFiles/oa_headers_openarm_can_openarm_model_c_legacy.dir/public_header_matrix/oa_headers_openarm_can_openarm_model_c_legacy.c.o
[ 10%] Building CXX object CMakeFiles/oa_headers_openarm_can_openarm_transport_cxx_legacy.dir/public_header_matrix/oa_headers_openarm_can_openarm_transport_cxx_legacy.cpp.o
[ 11%] Building C object CMakeFiles/oa_headers_openarm_can_openarm_transport_c_canonical.dir/public_header_matrix/oa_headers_openarm_can_openarm_transport_c_canonical.c.o
[ 12%] Building CXX object CMakeFiles/oa_headers_openarm_can_openarm_model_cxx_canonical.dir/public_header_matrix/oa_headers_openarm_can_openarm_model_cxx_canonical.cpp.o
[ 13%] Building CXX object CMakeFiles/oa_headers_openarm_can_openarm_commission_cxx_legacy.dir/public_header_matrix/oa_headers_openarm_can_openarm_commission_cxx_legacy.cpp.o
[ 15%] Building C object CMakeFiles/oa_headers_openarm_can_openarm_commission_c_legacy.dir/public_header_matrix/oa_headers_openarm_can_openarm_commission_c_legacy.c.o
[ 15%] Building C object CMakeFiles/oa_headers_openarm_can_openarm_commission_c_canonical.dir/public_header_matrix/oa_headers_openarm_can_openarm_commission_c_canonical.c.o
[ 10%] Building CXX object CMakeFiles/oa_headers_openarm_can_openarm_transport_cxx_canonical.dir/public_header_matrix/oa_headers_openarm_can_openarm_transport_cxx_canonical.cpp.o
[ 17%] Building CXX object CMakeFiles/oa_headers_openarm_can_openarm_commission_cxx_canonical.dir/public_header_matrix/oa_headers_openarm_can_openarm_commission_cxx_canonical.cpp.o
[ 17%] Building CXX object CMakeFiles/oa_headers_openarm_can_openarm_control_cxx_legacy.dir/public_header_matrix/oa_headers_openarm_can_openarm_control_cxx_legacy.cpp.o
[ 18%] Building C object CMakeFiles/oa_headers_openarm_can_openarm_control_c_legacy.dir/public_header_matrix/oa_headers_openarm_can_openarm_control_c_legacy.c.o
[ 19%] Building C object CMakeFiles/oa_headers_openarm_model_openarm_can_c_legacy.dir/public_header_matrix/oa_headers_openarm_model_openarm_can_c_legacy.c.o
[ 22%] Building CXX object CMakeFiles/oa_headers_openarm_model_openarm_can_cxx_legacy.dir/public_header_matrix/oa_headers_openarm_model_openarm_can_cxx_legacy.cpp.o
[ 22%] Building CXX object CMakeFiles/oa_headers_openarm_can_openarm_control_cxx_canonical.dir/public_header_matrix/oa_headers_openarm_can_openarm_control_cxx_canonical.cpp.o
[ 22%] Building C object CMakeFiles/oa_headers_openarm_model_openarm_can_c_canonical.dir/public_header_matrix/oa_headers_openarm_model_openarm_can_c_canonical.c.o
[ 25%] Building CXX object CMakeFiles/oa_headers_openarm_model_openarm_can_cxx_canonical.dir/public_header_matrix/oa_headers_openarm_model_openarm_can_cxx_canonical.cpp.o
[ 25%] Building C object CMakeFiles/oa_headers_openarm_model_openarm_transport_c_legacy.dir/public_header_matrix/oa_headers_openarm_model_openarm_transport_c_legacy.c.o
[ 26%] Building C object CMakeFiles/oa_headers_openarm_can_openarm_control_c_canonical.dir/public_header_matrix/oa_headers_openarm_can_openarm_control_c_canonical.c.o
[ 28%] Building C object CMakeFiles/oa_headers_openarm_model_openarm_transport_c_canonical.dir/public_header_matrix/oa_headers_openarm_model_openarm_transport_c_canonical.c.o
[ 28%] Building CXX object CMakeFiles/oa_headers_openarm_model_openarm_transport_cxx_canonical.dir/public_header_matrix/oa_headers_openarm_model_openarm_transport_cxx_canonical.cpp.o
[ 29%] Building C object CMakeFiles/oa_headers_openarm_model_openarm_commission_c_canonical.dir/public_header_matrix/oa_headers_openarm_model_openarm_commission_c_canonical.c.o
[ 31%] Building C object CMakeFiles/oa_headers_openarm_model_openarm_commission_c_legacy.dir/public_header_matrix/oa_headers_openarm_model_openarm_commission_c_legacy.c.o
[ 31%] Building CXX object CMakeFiles/oa_headers_openarm_model_openarm_transport_cxx_legacy.dir/public_header_matrix/oa_headers_openarm_model_openarm_transport_cxx_legacy.cpp.o
[ 32%] Building C object CMakeFiles/oa_headers_openarm_transport_openarm_can_c_legacy.dir/public_header_matrix/oa_headers_openarm_transport_openarm_can_c_legacy.c.o
[ 33%] Building CXX object CMakeFiles/oa_headers_openarm_model_openarm_commission_cxx_canonical.dir/public_header_matrix/oa_headers_openarm_model_openarm_commission_cxx_canonical.cpp.o
[ 34%] Building C object CMakeFiles/oa_headers_openarm_model_openarm_control_c_canonical.dir/public_header_matrix/oa_headers_openarm_model_openarm_control_c_canonical.c.o
[ 35%] Building CXX object CMakeFiles/oa_headers_openarm_model_openarm_commission_cxx_legacy.dir/public_header_matrix/oa_headers_openarm_model_openarm_commission_cxx_legacy.cpp.o
[ 36%] Building C object CMakeFiles/oa_headers_openarm_transport_openarm_can_c_canonical.dir/public_header_matrix/oa_headers_openarm_transport_openarm_can_c_canonical.c.o
[ 37%] Building CXX object CMakeFiles/oa_headers_openarm_model_openarm_control_cxx_canonical.dir/public_header_matrix/oa_headers_openarm_model_openarm_control_cxx_canonical.cpp.o
[ 37%] Built target oa_headers_openarm_can_openarm_model_c_legacy
[ 37%] Built target oa_headers_openarm_can_openarm_model_c_canonical
[ 37%] Built target oa_headers_openarm_can_openarm_commission_c_legacy
[ 37%] Built target oa_headers_openarm_can_openarm_transport_cxx_canonical
[ 37%] Built target oa_headers_openarm_can_openarm_commission_cxx_legacy
[ 37%] Built target oa_headers_openarm_can_openarm_transport_c_canonical
[ 37%] Built target oa_headers_openarm_can_openarm_commission_cxx_canonical
[ 37%] Built target oa_headers_openarm_can_openarm_commission_c_canonical
[ 37%] Built target oa_headers_openarm_can_openarm_control_cxx_legacy
[ 37%] Built target oa_headers_openarm_can_openarm_control_c_legacy
[ 37%] Built target oa_headers_openarm_can_openarm_model_cxx_legacy
[ 37%] Built target oa_headers_openarm_model_openarm_can_c_canonical
[ 37%] Built target oa_headers_openarm_can_openarm_transport_c_legacy
[ 37%] Built target oa_headers_openarm_model_openarm_can_cxx_canonical
[ 37%] Built target oa_headers_openarm_can_openarm_transport_cxx_legacy
[ 37%] Built target oa_headers_openarm_model_openarm_can_c_legacy
[ 37%] Built target oa_headers_openarm_can_openarm_control_c_canonical
[ 37%] Built target oa_headers_openarm_model_openarm_transport_c_legacy
[ 37%] Built target oa_headers_openarm_model_openarm_can_cxx_legacy
[ 37%] Built target oa_headers_openarm_model_openarm_commission_c_legacy
[ 37%] Built target oa_headers_openarm_model_openarm_commission_cxx_canonical
[ 37%] Built target oa_headers_openarm_model_openarm_transport_cxx_canonical
[ 37%] Built target oa_headers_openarm_transport_openarm_can_c_legacy
[ 37%] Built target oa_headers_openarm_model_openarm_transport_c_canonical
[ 37%] Built target oa_headers_openarm_model_openarm_transport_cxx_legacy
[ 37%] Built target oa_headers_openarm_model_openarm_commission_c_canonical
[ 38%] Building CXX object CMakeFiles/oa_headers_openarm_transport_openarm_can_cxx_legacy.dir/public_header_matrix/oa_headers_openarm_transport_openarm_can_cxx_legacy.cpp.o
[ 38%] Built target oa_headers_openarm_can_openarm_model_cxx_canonical
[ 38%] Built target oa_headers_openarm_model_openarm_commission_cxx_legacy
[ 39%] Building CXX object CMakeFiles/oa_headers_openarm_transport_openarm_can_cxx_canonical.dir/public_header_matrix/oa_headers_openarm_transport_openarm_can_cxx_canonical.cpp.o
[ 39%] Built target oa_headers_openarm_can_openarm_control_cxx_canonical
[ 39%] Built target oa_headers_openarm_transport_openarm_can_c_canonical
[ 39%] Built target oa_headers_openarm_model_openarm_control_c_canonical
[ 41%] Building C object CMakeFiles/oa_headers_openarm_transport_openarm_model_c_legacy.dir/public_header_matrix/oa_headers_openarm_transport_openarm_model_c_legacy.c.o
[ 42%] Building CXX object CMakeFiles/oa_headers_openarm_transport_openarm_model_cxx_legacy.dir/public_header_matrix/oa_headers_openarm_transport_openarm_model_cxx_legacy.cpp.o
[ 42%] Building C object CMakeFiles/oa_headers_openarm_transport_openarm_model_c_canonical.dir/public_header_matrix/oa_headers_openarm_transport_openarm_model_c_canonical.c.o
[ 42%] Built target oa_headers_openarm_model_openarm_control_cxx_canonical
[ 43%] Building CXX object CMakeFiles/oa_headers_openarm_transport_openarm_model_cxx_canonical.dir/public_header_matrix/oa_headers_openarm_transport_openarm_model_cxx_canonical.cpp.o
[ 44%] Building C object CMakeFiles/oa_headers_openarm_transport_openarm_commission_c_legacy.dir/public_header_matrix/oa_headers_openarm_transport_openarm_commission_c_legacy.c.o
[ 46%] Building CXX object CMakeFiles/oa_headers_openarm_transport_openarm_commission_cxx_legacy.dir/public_header_matrix/oa_headers_openarm_transport_openarm_commission_cxx_legacy.cpp.o
[ 46%] Building CXX object CMakeFiles/oa_headers_openarm_transport_openarm_commission_cxx_canonical.dir/public_header_matrix/oa_headers_openarm_transport_openarm_commission_cxx_canonical.cpp.o
[ 47%] Building C object CMakeFiles/oa_headers_openarm_transport_openarm_commission_c_canonical.dir/public_header_matrix/oa_headers_openarm_transport_openarm_commission_c_canonical.c.o
[ 48%] Building CXX object CMakeFiles/oa_headers_openarm_transport_openarm_control_cxx_canonical.dir/public_header_matrix/oa_headers_openarm_transport_openarm_control_cxx_canonical.cpp.o
[ 50%] Building C object CMakeFiles/oa_headers_openarm_transport_openarm_control_c_legacy.dir/public_header_matrix/oa_headers_openarm_transport_openarm_control_c_legacy.c.o
[ 51%] Building C object CMakeFiles/oa_headers_openarm_transport_openarm_control_c_canonical.dir/public_header_matrix/oa_headers_openarm_transport_openarm_control_c_canonical.c.o
[ 52%] Building C object CMakeFiles/oa_headers_openarm_commission_openarm_can_c_legacy.dir/public_header_matrix/oa_headers_openarm_commission_openarm_can_c_legacy.c.o
[ 53%] Building CXX object CMakeFiles/oa_headers_openarm_transport_openarm_control_cxx_legacy.dir/public_header_matrix/oa_headers_openarm_transport_openarm_control_cxx_legacy.cpp.o
[ 56%] Building C object CMakeFiles/oa_headers_openarm_commission_openarm_can_c_canonical.dir/public_header_matrix/oa_headers_openarm_commission_openarm_can_c_canonical.c.o
[ 56%] Building CXX object CMakeFiles/oa_headers_openarm_commission_openarm_can_cxx_canonical.dir/public_header_matrix/oa_headers_openarm_commission_openarm_can_cxx_canonical.cpp.o
[ 56%] Building CXX object CMakeFiles/oa_headers_openarm_commission_openarm_can_cxx_legacy.dir/public_header_matrix/oa_headers_openarm_commission_openarm_can_cxx_legacy.cpp.o
[ 56%] Built target oa_headers_openarm_transport_openarm_can_cxx_legacy
[ 57%] Built target oa_headers_openarm_transport_openarm_can_cxx_canonical
[ 57%] Building C object CMakeFiles/oa_headers_openarm_commission_openarm_model_c_legacy.dir/public_header_matrix/oa_headers_openarm_commission_openarm_model_c_legacy.c.o
[ 57%] Built target oa_headers_openarm_transport_openarm_model_c_canonical
[ 58%] Building CXX object CMakeFiles/oa_headers_openarm_commission_openarm_model_cxx_legacy.dir/public_header_matrix/oa_headers_openarm_commission_openarm_model_cxx_legacy.cpp.o
[ 59%] Building C object CMakeFiles/oa_headers_openarm_commission_openarm_model_c_canonical.dir/public_header_matrix/oa_headers_openarm_commission_openarm_model_c_canonical.c.o
[ 59%] Built target oa_headers_openarm_transport_openarm_commission_cxx_legacy
[ 59%] Built target oa_headers_openarm_transport_openarm_model_cxx_legacy
[ 59%] Built target oa_headers_openarm_transport_openarm_model_c_legacy
[ 59%] Built target oa_headers_openarm_transport_openarm_commission_c_legacy
[ 60%] Building C object CMakeFiles/oa_headers_openarm_commission_openarm_transport_c_canonical.dir/public_header_matrix/oa_headers_openarm_commission_openarm_transport_c_canonical.c.o
[ 61%] Building CXX object CMakeFiles/oa_headers_openarm_commission_openarm_model_cxx_canonical.dir/public_header_matrix/oa_headers_openarm_commission_openarm_model_cxx_canonical.cpp.o
[ 61%] Built target oa_headers_openarm_transport_openarm_model_cxx_canonical
[ 61%] Built target oa_headers_openarm_transport_openarm_commission_c_canonical
[ 62%] Building CXX object CMakeFiles/oa_headers_openarm_commission_openarm_transport_cxx_legacy.dir/public_header_matrix/oa_headers_openarm_commission_openarm_transport_cxx_legacy.cpp.o
[ 62%] Built target oa_headers_openarm_transport_openarm_commission_cxx_canonical
[ 63%] Building C object CMakeFiles/oa_headers_openarm_commission_openarm_transport_c_legacy.dir/public_header_matrix/oa_headers_openarm_commission_openarm_transport_c_legacy.c.o
[ 65%] Building CXX object CMakeFiles/oa_headers_openarm_commission_openarm_control_cxx_canonical.dir/public_header_matrix/oa_headers_openarm_commission_openarm_control_cxx_canonical.cpp.o
[ 65%] Building CXX object CMakeFiles/oa_headers_openarm_commission_openarm_control_cxx_legacy.dir/public_header_matrix/oa_headers_openarm_commission_openarm_control_cxx_legacy.cpp.o
[ 66%] Building C object CMakeFiles/oa_headers_openarm_control_openarm_can_c_canonical.dir/public_header_matrix/oa_headers_openarm_control_openarm_can_c_canonical.c.o
[ 67%] Building C object CMakeFiles/oa_headers_openarm_commission_openarm_control_c_legacy.dir/public_header_matrix/oa_headers_openarm_commission_openarm_control_c_legacy.c.o
[ 69%] Building CXX object CMakeFiles/oa_headers_openarm_commission_openarm_transport_cxx_canonical.dir/public_header_matrix/oa_headers_openarm_commission_openarm_transport_cxx_canonical.cpp.o
[ 70%] Building C object CMakeFiles/oa_headers_openarm_commission_openarm_control_c_canonical.dir/public_header_matrix/oa_headers_openarm_commission_openarm_control_c_canonical.c.o
[ 70%] Built target oa_headers_openarm_transport_openarm_control_c_canonical
[ 70%] Building C object CMakeFiles/oa_headers_openarm_control_openarm_can_c_legacy.dir/public_header_matrix/oa_headers_openarm_control_openarm_can_c_legacy.c.o
[ 70%] Built target oa_headers_openarm_transport_openarm_control_cxx_canonical
[ 70%] Built target oa_headers_openarm_transport_openarm_control_c_legacy
[ 70%] Built target oa_headers_openarm_transport_openarm_control_cxx_legacy
[ 70%] Built target oa_headers_openarm_commission_openarm_can_c_legacy
[ 70%] Built target oa_headers_openarm_commission_openarm_can_c_canonical
[ 70%] Built target oa_headers_openarm_commission_openarm_can_cxx_legacy
[ 70%] Built target oa_headers_openarm_commission_openarm_can_cxx_canonical
[ 70%] Built target oa_headers_openarm_commission_openarm_model_c_legacy
[ 72%] Building CXX object CMakeFiles/oa_headers_openarm_control_openarm_can_cxx_legacy.dir/public_header_matrix/oa_headers_openarm_control_openarm_can_cxx_legacy.cpp.o
[ 72%] Building C object CMakeFiles/oa_headers_openarm_control_openarm_model_c_canonical.dir/public_header_matrix/oa_headers_openarm_control_openarm_model_c_canonical.c.o
[ 72%] Built target oa_headers_openarm_commission_openarm_transport_c_canonical
[ 73%] Building CXX object CMakeFiles/oa_headers_openarm_control_openarm_can_cxx_canonical.dir/public_header_matrix/oa_headers_openarm_control_openarm_can_cxx_canonical.cpp.o
[ 75%] Building C object CMakeFiles/oa_headers_openarm_control_openarm_transport_c_legacy.dir/public_header_matrix/oa_headers_openarm_control_openarm_transport_c_legacy.c.o
[ 76%] Building CXX object CMakeFiles/oa_headers_openarm_control_openarm_model_cxx_canonical.dir/public_header_matrix/oa_headers_openarm_control_openarm_model_cxx_canonical.cpp.o
[ 76%] Built target oa_headers_openarm_commission_openarm_transport_cxx_legacy
[ 76%] Built target oa_headers_openarm_commission_openarm_model_cxx_canonical
[ 78%] Building CXX object CMakeFiles/oa_headers_openarm_control_openarm_transport_cxx_legacy.dir/public_header_matrix/oa_headers_openarm_control_openarm_transport_cxx_legacy.cpp.o
[ 78%] Building C object CMakeFiles/oa_headers_openarm_control_openarm_transport_c_canonical.dir/public_header_matrix/oa_headers_openarm_control_openarm_transport_c_canonical.c.o
[ 78%] Built target oa_headers_openarm_commission_openarm_model_c_canonical
[ 78%] Built target oa_headers_openarm_commission_openarm_model_cxx_legacy
[ 79%] Building CXX object CMakeFiles/oa_headers_openarm_control_openarm_transport_cxx_canonical.dir/public_header_matrix/oa_headers_openarm_control_openarm_transport_cxx_canonical.cpp.o
[ 81%] Building C object CMakeFiles/oa_headers_openarm_control_openarm_commission_c_canonical.dir/public_header_matrix/oa_headers_openarm_control_openarm_commission_c_canonical.c.o
[ 81%] Building CXX object CMakeFiles/oa_headers_openarm_control_openarm_commission_cxx_legacy.dir/public_header_matrix/oa_headers_openarm_control_openarm_commission_cxx_legacy.cpp.o
[ 81%] Built target oa_headers_openarm_commission_openarm_control_cxx_canonical
[ 81%] Built target oa_headers_openarm_commission_openarm_transport_c_legacy
[ 81%] Built target oa_headers_openarm_commission_openarm_control_c_canonical
[ 81%] Built target oa_headers_openarm_commission_openarm_control_c_legacy
[ 81%] Built target oa_headers_openarm_commission_openarm_control_cxx_legacy
[ 81%] Built target oa_headers_openarm_commission_openarm_transport_cxx_canonical
[ 81%] Built target oa_headers_openarm_control_openarm_can_c_legacy
[ 81%] Built target oa_headers_openarm_control_openarm_can_c_canonical
[ 82%] Building C object CMakeFiles/oa_headers_openarm_control_openarm_commission_c_legacy.dir/public_header_matrix/oa_headers_openarm_control_openarm_commission_c_legacy.c.o
[ 83%] Building CXX object CMakeFiles/openarm_public_headers_cxx17.dir/tests/public_headers_cxx17.cpp.o
[ 84%] Building CXX object CMakeFiles/oa_headers_openarm_control_openarm_commission_cxx_canonical.dir/public_header_matrix/oa_headers_openarm_control_openarm_commission_cxx_canonical.cpp.o
[ 86%] Building C object CMakeFiles/openarm_legacy_control_status.dir/tests/legacy_control_status.c.o
[ 86%] Built target oa_headers_openarm_control_openarm_transport_c_legacy
[ 86%] Built target oa_headers_openarm_control_openarm_model_c_canonical
[ 86%] Built target oa_headers_openarm_control_openarm_can_cxx_legacy
[ 86%] Building C object CMakeFiles/openarm_public_headers_c11.dir/tests/public_headers_c11.c.o
[ 87%] Building C object CMakeFiles/openarm_legacy_model_status.dir/tests/legacy_model_status.c.o
[ 87%] Built target oa_headers_openarm_control_openarm_model_cxx_canonical
[ 89%] Building CXX object CMakeFiles/openarm_control_test.dir/src/control_core.cpp.o
[ 89%] Building CXX object CMakeFiles/openarm_control_test.dir/src/c_api.cpp.o
[ 90%] Built target oa_headers_openarm_control_openarm_can_cxx_canonical
[ 90%] Building CXX object CMakeFiles/openarm_control_test.dir/src/standard_manifest.cpp.o
[ 90%] Built target oa_headers_openarm_control_openarm_transport_c_canonical
[ 91%] Building CXX object CMakeFiles/openarm_control_test.dir/src/kinematics.cpp.o
[ 91%] Built target oa_headers_openarm_control_openarm_commission_c_canonical
[ 91%] Built target oa_headers_openarm_control_openarm_commission_cxx_legacy
[ 91%] Built target oa_headers_openarm_control_openarm_transport_cxx_canonical
[ 91%] Built target oa_headers_openarm_control_openarm_transport_cxx_legacy
[ 91%] Built target oa_headers_openarm_control_openarm_commission_c_legacy
[ 91%] Built target openarm_legacy_model_status
[ 91%] Built target openarm_legacy_control_status
[ 91%] Built target oa_headers_openarm_control_openarm_commission_cxx_canonical
[ 91%] Built target openarm_public_headers_cxx17
[ 91%] Built target openarm_public_headers_c11
[ 92%] Linking CXX static library libopenarm_control.a
[ 92%] Built target openarm_control
[ 93%] Building C object CMakeFiles/openarm_control_v1_original_abi.dir/tests/v1_original_abi_consumer.c.o
[ 94%] Building C object CMakeFiles/openarm_control_c11_abi.dir/tests/c11_abi_consumer.c.o
[ 95%] Linking CXX executable openarm_control_c11_abi
[ 96%] Linking CXX static library libopenarm_control_test.a
[ 97%] Linking CXX executable openarm_control_v1_original_abi
[ 97%] Built target openarm_control_test
[ 98%] Building CXX object CMakeFiles/openarm_control_tests.dir/tests/test_control.cpp.o
[ 98%] Built target openarm_control_c11_abi
[ 98%] Built target openarm_control_v1_original_abi
[100%] Linking CXX executable openarm_control_tests
[100%] Built target openarm_control_tests
Test project /home/signalprocessing-dev/OpenArmIK/ros2_ws/native_build/control
    Start 1: openarm_control_tests
1/4 Test #1: openarm_control_tests .....................   Passed    0.02 sec
    Start 2: openarm_control_c11_abi
2/4 Test #2: openarm_control_c11_abi ...................   Passed    0.00 sec
    Start 3: openarm_control_v1_original_abi
3/4 Test #3: openarm_control_v1_original_abi ...........   Passed    0.00 sec
    Start 4: openarm_public_headers_install_consumer
4/4 Test #4: openarm_public_headers_install_consumer ...   Passed    0.44 sec

100% tests passed, 0 tests failed out of 4

Total Test time (real) =   0.47 sec
-- Install configuration: "Release"
-- Installing: /home/signalprocessing-dev/OpenArmIK/ros2_ws/install/lib/libopenarm_control.a
-- Installing: /home/signalprocessing-dev/OpenArmIK/ros2_ws/install/include/openarm_control.h
-- Installing: /home/signalprocessing-dev/OpenArmIK/ros2_ws/install/lib/cmake/openarm_control/openarm_controlTargets.cmake
-- Installing: /home/signalprocessing-dev/OpenArmIK/ros2_ws/install/lib/cmake/openarm_control/openarm_controlTargets-release.cmake
-- Installing: /home/signalprocessing-dev/OpenArmIK/ros2_ws/install/lib/cmake/openarm_control/openarm_controlConfig.cmake
-- Installing: /home/signalprocessing-dev/OpenArmIK/ros2_ws/install/lib/cmake/openarm_control/openarm_controlConfigVersion.cmake
-- The C compiler identification is GNU 15.2.0
-- The CXX compiler identification is GNU 15.2.0
-- Detecting C compiler ABI info
-- Detecting C compiler ABI info - done
-- Check for working C compiler: /usr/bin/cc - skipped
-- Detecting C compile features
-- Detecting C compile features - done
-- Detecting CXX compiler ABI info
-- Detecting CXX compiler ABI info - done
-- Check for working CXX compiler: /usr/bin/c++ - skipped
-- Detecting CXX compile features
-- Detecting CXX compile features - done
-- Performing Test CMAKE_HAVE_LIBC_PTHREAD
-- Performing Test CMAKE_HAVE_LIBC_PTHREAD - Success
-- Found Threads: TRUE
-- Configuring done (0.3s)
-- Generating done (0.0s)
-- Build files have been written to: /home/signalprocessing-dev/OpenArmIK/ros2_ws/native_build/installed_native_consumer
[ 25%] Building CXX object CMakeFiles/openarm_installed_cxx17.dir/all_headers.cpp.o
[ 50%] Building C object CMakeFiles/openarm_installed_c11.dir/all_headers.c.o
[ 75%] Linking CXX executable openarm_installed_c11
[100%] Linking CXX executable openarm_installed_cxx17
[100%] Built target openarm_installed_c11
[100%] Built target openarm_installed_cxx17
Starting >>> openarm_control_msgs
Starting >>> openarm_description
CMake Deprecation Warning at CMakeLists.txt:15 (cmake_minimum_required):
  Compatibility with CMake < 3.10 will be removed from a future version of
  CMake.

  Update the VERSION argument <min> value.  Or, use the <min>...<max> syntax
  to tell CMake that the project requires at least <min> but has been updated
  to work with policies introduced by <max> or earlier.


-- The C compiler identification is GNU 15.2.0
-- The C compiler identification is GNU 15.2.0
-- The CXX compiler identification is GNU 15.2.0
-- The CXX compiler identification is GNU 15.2.0
-- Detecting C compiler ABI info
-- Detecting C compiler ABI info
-- Detecting C compiler ABI info - done
-- Detecting C compiler ABI info - done
-- Check for working C compiler: /usr/bin/cc - skipped
-- Detecting C compile features
-- Detecting C compile features - done
-- Check for working C compiler: /usr/bin/cc - skipped
-- Detecting C compile features
-- Detecting C compile features - done
-- Detecting CXX compiler ABI info
-- Detecting CXX compiler ABI info
-- Detecting CXX compiler ABI info - done
-- Detecting CXX compiler ABI info - done
-- Check for working CXX compiler: /usr/bin/c++ - skipped
-- Detecting CXX compile features
-- Check for working CXX compiler: /usr/bin/c++ - skipped
-- Detecting CXX compile features
-- Detecting CXX compile features - done
-- Detecting CXX compile features - done
-- Found ament_cmake: 2.8.7 (/opt/ros/lyrical/share/ament_cmake/cmake)
-- Found ament_cmake: 2.8.7 (/opt/ros/lyrical/share/ament_cmake/cmake)
-- Found builtin_interfaces: 2.4.5 (/opt/ros/lyrical/share/builtin_interfaces/cmake)
-- Found ament_lint_auto: 0.20.6 (/opt/ros/lyrical/share/ament_lint_auto/cmake)
-- Found rosidl_generator_c: 5.2.1 (/opt/ros/lyrical/share/rosidl_generator_c/cmake)
-- Found rosidl_generator_cpp: 5.2.1 (/opt/ros/lyrical/share/rosidl_generator_cpp/cmake)
-- Using all available rosidl_typesupport_c: rosidl_typesupport_fastrtps_c;rosidl_typesupport_introspection_c
-- Using all available rosidl_typesupport_cpp: rosidl_typesupport_fastrtps_cpp;rosidl_typesupport_introspection_cpp
-- Found geometry_msgs: 5.9.2 (/opt/ros/lyrical/share/geometry_msgs/cmake)
-- Found rosidl_default_generators: 1.8.1 (/opt/ros/lyrical/share/rosidl_default_generators/cmake)
-- Found rosidl_adapter: 5.2.1 (/opt/ros/lyrical/share/rosidl_adapter/cmake)
-- Found unique_identifier_msgs: 2.8.1 (/opt/ros/lyrical/share/unique_identifier_msgs/cmake)
-- Added test 'flake8' to check Python code syntax and style conventions
-- Configured 'flake8' exclude dirs and/or files: 
-- Added test 'lint_cmake' to check CMake code style
-- Added test 'pep257' to check Python code against some of the docstring style conventions in PEP 257
-- Added test 'xmllint' to check XML markup files
-- Configuring done (0.5s)
-- Generating done (0.0s)
CMake Warning:
  Manually-specified variables were not used by the project:

    OPENARM_IK_ROS_COVERAGE


-- Build files have been written to: /home/signalprocessing-dev/OpenArmIK/ros2_ws/build/openarm_description
-- Install configuration: "Release"
-- Installing: /home/signalprocessing-dev/OpenArmIK/ros2_ws/install/openarm_description/share/openarm_description/assets
-- Installing: /home/signalprocessing-dev/OpenArmIK/ros2_ws/install/openarm_description/share/openarm_description/assets/__init__.py
-- Installing: /home/signalprocessing-dev/OpenArmIK/ros2_ws/install/openarm_description/share/openarm_description/assets/end_effector
-- Installing: /home/signalprocessing-dev/OpenArmIK/ros2_ws/install/openarm_description/share/openarm_description/assets/end_effector/parallel_link
-- Installing: /home/signalprocessing-dev/OpenArmIK/ros2_ws/install/openarm_description/share/openarm_description/assets/end_effector/parallel_link/urdf
-- Installing: /home/signalprocessing-dev/OpenArmIK/ros2_ws/install/openarm_description/share/openarm_description/assets/end_effector/parallel_link/urdf/parallel_link_standalone.urdf.xacro
-- Installing: /home/signalprocessing-dev/OpenArmIK/ros2_ws/install/openarm_description/share/openarm_description/assets/end_effector/parallel_link/meshes
-- Installing: /home/signalprocessing-dev/OpenArmIK/ros2_ws/install/openarm_description/share/openarm_description/assets/end_effector/parallel_link/meshes/visual
-- Installing: /home/signalprocessing-dev/OpenArmIK/ros2_ws/install/openarm_description/share/openarm_description/assets/end_effector/parallel_link/meshes/visual/finger.dae
-- Found Python3: /usr/bin/python3 (found version "3.14.4") found components: Interpreter
-- Installing: /home/signalprocessing-dev/OpenArmIK/ros2_ws/install/openarm_description/share/openarm_description/assets/end_effector/parallel_link/meshes/visual/hand.dae
-- Installing: /home/signalprocessing-dev/OpenArmIK/ros2_ws/install/openarm_description/share/openarm_description/assets/end_effector/parallel_link/meshes/visual/finger.stl
-- Installing: /home/signalprocessing-dev/OpenArmIK/ros2_ws/install/openarm_description/share/openarm_description/assets/end_effector/parallel_link/meshes/collision
-- Installing: /home/signalprocessing-dev/OpenArmIK/ros2_ws/install/openarm_description/share/openarm_description/assets/end_effector/parallel_link/meshes/collision/hand.stl
-- Installing: /home/signalprocessing-dev/OpenArmIK/ros2_ws/install/openarm_description/share/openarm_description/assets/end_effector/parallel_link/meshes/collision/finger.stl
-- Installing: /home/signalprocessing-dev/OpenArmIK/ros2_ws/install/openarm_description/share/openarm_description/assets/end_effector/parallel_link/config
-- Installing: /home/signalprocessing-dev/OpenArmIK/ros2_ws/install/openarm_description/share/openarm_description/assets/end_effector/parallel_link/config/inertials.yaml
-- Installing: /home/signalprocessing-dev/OpenArmIK/ros2_ws/install/openarm_description/share/openarm_description/assets/end_effector/parallel_link/config/joint_limits.yaml
-- Installing: /home/signalprocessing-dev/OpenArmIK/ros2_ws/install/openarm_description/share/openarm_description/assets/end_effector/parallel_link/config/kinematics_link.yaml
-- Installing: /home/signalprocessing-dev/OpenArmIK/ros2_ws/install/openarm_description/share/openarm_description/assets/end_effector/parallel_link/config/kinematics.yaml
-- Installing: /home/signalprocessing-dev/OpenArmIK/ros2_ws/install/openarm_description/share/openarm_description/assets/end_effector/pinch_gripper
-- Installing: /home/signalprocessing-dev/OpenArmIK/ros2_ws/install/openarm_description/share/openarm_description/assets/end_effector/pinch_gripper/urdf
-- Installing: /home/signalprocessing-dev/OpenArmIK/ros2_ws/install/openarm_description/share/openarm_description/assets/end_effector/pinch_gripper/urdf/pinch_gripper_standalone.urdf.xacro
-- Installing: /home/signalprocessing-dev/OpenArmIK/ros2_ws/install/openarm_description/share/openarm_description/assets/end_effector/pinch_gripper/meshes
-- Installing: /home/signalprocessing-dev/OpenArmIK/ros2_ws/install/openarm_description/share/openarm_description/assets/end_effector/pinch_gripper/meshes/visual
-- Installing: /home/signalprocessing-dev/OpenArmIK/ros2_ws/install/openarm_description/share/openarm_description/assets/end_effector/pinch_gripper/meshes/visual/finger_inner.dae
-- Installing: /home/signalprocessing-dev/OpenArmIK/ros2_ws/install/openarm_description/share/openarm_description/assets/end_effector/pinch_gripper/meshes/visual/ee_base_link.dae
-- Installing: /home/signalprocessing-dev/OpenArmIK/ros2_ws/install/openarm_description/share/openarm_description/assets/end_effector/pinch_gripper/meshes/visual/finger_outer.dae
-- Installing: /home/signalprocessing-dev/OpenArmIK/ros2_ws/install/openarm_description/share/openarm_description/assets/end_effector/pinch_gripper/meshes/collision
-- Installing: /home/signalprocessing-dev/OpenArmIK/ros2_ws/install/openarm_description/share/openarm_description/assets/end_effector/pinch_gripper/meshes/collision/ee_base_link.stl
-- Installing: /home/signalprocessing-dev/OpenArmIK/ros2_ws/install/openarm_description/share/openarm_description/assets/end_effector/pinch_gripper/meshes/collision/finger_outer.stl
-- Installing: /home/signalprocessing-dev/OpenArmIK/ros2_ws/install/openarm_description/share/openarm_description/assets/end_effector/pinch_gripper/meshes/collision/finger_inner.stl
-- Installing: /home/signalprocessing-dev/OpenArmIK/ros2_ws/install/openarm_description/share/openarm_description/assets/end_effector/pinch_gripper/meshes/collision/splited
-- Installing: /home/signalprocessing-dev/OpenArmIK/ros2_ws/install/openarm_description/share/openarm_description/assets/end_effector/pinch_gripper/meshes/collision/splited/finger_outer
-- Installing: /home/signalprocessing-dev/OpenArmIK/ros2_ws/install/openarm_description/share/openarm_description/assets/end_effector/pinch_gripper/meshes/collision/splited/finger_outer/finger_outer_03.stl
-- Installing: /home/signalprocessing-dev/OpenArmIK/ros2_ws/install/openarm_description/share/openarm_description/assets/end_effector/pinch_gripper/meshes/collision/splited/finger_outer/finger_outer_00.stl
-- Installing: /home/signalprocessing-dev/OpenArmIK/ros2_ws/install/openarm_description/share/openarm_description/assets/end_effector/pinch_gripper/meshes/collision/splited/finger_outer/finger_outer_01.stl
-- Installing: /home/signalprocessing-dev/OpenArmIK/ros2_ws/install/openarm_description/share/openarm_description/assets/end_effector/pinch_gripper/meshes/collision/splited/finger_outer/finger_outer_02.stl
-- Installing: /home/signalprocessing-dev/OpenArmIK/ros2_ws/install/openarm_description/share/openarm_description/assets/end_effector/pinch_gripper/meshes/collision/splited/finger_outter
-- Installing: /home/signalprocessing-dev/OpenArmIK/ros2_ws/install/openarm_description/share/openarm_description/assets/end_effector/pinch_gripper/meshes/collision/splited/finger_outter/finger_outter_01.stl
-- Installing: /home/signalprocessing-dev/OpenArmIK/ros2_ws/install/openarm_description/share/openarm_description/assets/end_effector/pinch_gripper/meshes/collision/splited/finger_outter/finger_outter_02.stl
-- Installing: /home/signalprocessing-dev/OpenArmIK/ros2_ws/install/openarm_description/share/openarm_description/assets/end_effector/pinch_gripper/meshes/collision/splited/finger_outter/finger_outter_00.stl
-- Installing: /home/signalprocessing-dev/OpenArmIK/ros2_ws/install/openarm_description/share/openarm_description/assets/end_effector/pinch_gripper/meshes/collision/splited/finger_inner
-- Installing: /home/signalprocessing-dev/OpenArmIK/ros2_ws/install/openarm_description/share/openarm_description/assets/end_effector/pinch_gripper/meshes/collision/splited/finger_inner/finger_inner_03.stl
-- Installing: /home/signalprocessing-dev/OpenArmIK/ros2_ws/install/openarm_description/share/openarm_description/assets/end_effector/pinch_gripper/meshes/collision/splited/finger_inner/finger_inner_02.stl
-- Installing: /home/signalprocessing-dev/OpenArmIK/ros2_ws/install/openarm_description/share/openarm_description/assets/end_effector/pinch_gripper/meshes/collision/splited/finger_inner/finger_inner_00.stl
-- Installing: /home/signalprocessing-dev/OpenArmIK/ros2_ws/install/openarm_description/share/openarm_description/assets/end_effector/pinch_gripper/meshes/collision/splited/finger_inner/finger_inner_01.stl
-- Installing: /home/signalprocessing-dev/OpenArmIK/ros2_ws/install/openarm_description/share/openarm_description/assets/end_effector/pinch_gripper/config
-- Installing: /home/signalprocessing-dev/OpenArmIK/ros2_ws/install/openarm_description/share/openarm_description/assets/end_effector/pinch_gripper/config/link
-- Installing: /home/signalprocessing-dev/OpenArmIK/ros2_ws/install/openarm_description/share/openarm_description/assets/end_effector/pinch_gripper/config/link/visuals.yaml
-- Installing: /home/signalprocessing-dev/OpenArmIK/ros2_ws/install/openarm_description/share/openarm_description/assets/end_effector/pinch_gripper/config/link/collisions.yaml
-- Installing: /home/signalprocessing-dev/OpenArmIK/ros2_ws/install/openarm_description/share/openarm_description/assets/end_effector/pinch_gripper/config/old
-- Installing: /home/signalprocessing-dev/OpenArmIK/ros2_ws/install/openarm_description/share/openarm_description/assets/end_effector/pinch_gripper/config/old/inertials.yaml
-- Installing: /home/signalprocessing-dev/OpenArmIK/ros2_ws/install/openarm_description/share/openarm_description/assets/end_effector/pinch_gripper/config/old/joint_limits.yaml
-- Installing: /home/signalprocessing-dev/OpenArmIK/ros2_ws/install/openarm_description/share/openarm_description/assets/end_effector/pinch_gripper/config/old/kinematics_link.yaml
-- Installing: /home/signalprocessing-dev/OpenArmIK/ros2_ws/install/openarm_description/share/openarm_description/assets/end_effector/pinch_gripper/config/old/kinematics.yaml
-- Installing: /home/signalprocessing-dev/OpenArmIK/ros2_ws/install/openarm_description/share/openarm_description/assets/end_effector/pinch_gripper/config/inertials
-- Installing: /home/signalprocessing-dev/OpenArmIK/ros2_ws/install/openarm_description/share/openarm_description/assets/end_effector/pinch_gripper/config/inertials/nominal.yaml
-- Installing: /home/signalprocessing-dev/OpenArmIK/ros2_ws/install/openarm_description/share/openarm_description/assets/end_effector/pinch_gripper/config/joint
-- Installing: /home/signalprocessing-dev/OpenArmIK/ros2_ws/install/openarm_description/share/openarm_description/assets/end_effector/pinch_gripper/config/joint/joint_limits.yaml
-- Installing: /home/signalprocessing-dev/OpenArmIK/ros2_ws/install/openarm_description/share/openarm_description/assets/end_effector/pinch_gripper/config/joint/joint_origins.yaml
-- Installing: /home/signalprocessing-dev/OpenArmIK/ros2_ws/install/openarm_description/share/openarm_description/assets/end_effector/pinch_gripper/config/joint/joint_mimics.yaml
-- Installing: /home/signalprocessing-dev/OpenArmIK/ros2_ws/install/openarm_description/share/openarm_description/assets/end_effector/pinch_gripper/config/joint/joint_axes.yaml
-- Installing: /home/signalprocessing-dev/OpenArmIK/ros2_ws/install/openarm_description/share/openarm_description/assets/end_effector/pinch_gripper/config/struct
-- Installing: /home/signalprocessing-dev/OpenArmIK/ros2_ws/install/openarm_description/share/openarm_description/assets/end_effector/pinch_gripper/config/struct/topology.yaml
-- Installing: /home/signalprocessing-dev/OpenArmIK/ros2_ws/install/openarm_description/share/openarm_description/assets/end_effector/pinch_gripper/config/struct/reference_points.yaml
-- Installing: /home/signalprocessing-dev/OpenArmIK/ros2_ws/install/openarm_description/share/openarm_description/assets/end_effector/pinch_gripper/config/struct/name_mapping.yaml
-- Installing: /home/signalprocessing-dev/OpenArmIK/ros2_ws/install/openarm_description/share/openarm_description/assets/robot
-- Installing: /home/signalprocessing-dev/OpenArmIK/ros2_ws/install/openarm_description/share/openarm_description/assets/robot/openarm_v1.0
-- Installing: /home/signalprocessing-dev/OpenArmIK/ros2_ws/install/openarm_description/share/openarm_description/assets/robot/openarm_v1.0/mesh
-- Installing: /home/signalprocessing-dev/OpenArmIK/ros2_ws/install/openarm_description/share/openarm_description/assets/robot/openarm_v1.0/mesh/body
-- Installing: /home/signalprocessing-dev/OpenArmIK/ros2_ws/install/openarm_description/share/openarm_description/assets/robot/openarm_v1.0/mesh/body/visual
-- Installing: /home/signalprocessing-dev/OpenArmIK/ros2_ws/install/openarm_description/share/openarm_description/assets/robot/openarm_v1.0/mesh/body/visual/body_link0.dae
-- Installing: /home/signalprocessing-dev/OpenArmIK/ros2_ws/install/openarm_description/share/openarm_description/assets/robot/openarm_v1.0/mesh/body/visual/body_link0.stl
-- Installing: /home/signalprocessing-dev/OpenArmIK/ros2_ws/install/openarm_description/share/openarm_description/assets/robot/openarm_v1.0/mesh/body/collision
-- Installing: /home/signalprocessing-dev/OpenArmIK/ros2_ws/install/openarm_description/share/openarm_description/assets/robot/openarm_v1.0/mesh/body/collision/body_link0_symp.stl
-- Installing: /home/signalprocessing-dev/OpenArmIK/ros2_ws/install/openarm_description/share/openarm_description/assets/robot/openarm_v1.0/mesh/arm
-- Installing: /home/signalprocessing-dev/OpenArmIK/ros2_ws/install/openarm_description/share/openarm_description/assets/robot/openarm_v1.0/mesh/arm/visual
-- Installing: /home/signalprocessing-dev/OpenArmIK/ros2_ws/install/openarm_description/share/openarm_description/assets/robot/openarm_v1.0/mesh/arm/visual/link6.stl
-- Installing: /home/signalprocessing-dev/OpenArmIK/ros2_ws/install/openarm_description/share/openarm_description/assets/robot/openarm_v1.0/mesh/arm/visual/link3.dae
-- Installing: /home/signalprocessing-dev/OpenArmIK/ros2_ws/install/openarm_description/share/openarm_description/assets/robot/openarm_v1.0/mesh/arm/visual/link1.stl
-- Installing: /home/signalprocessing-dev/OpenArmIK/ros2_ws/install/openarm_description/share/openarm_description/assets/robot/openarm_v1.0/mesh/arm/visual/link4.dae
-- Installing: /home/signalprocessing-dev/OpenArmIK/ros2_ws/install/openarm_description/share/openarm_description/assets/robot/openarm_v1.0/mesh/arm/visual/link4.stl
-- Installing: /home/signalprocessing-dev/OpenArmIK/ros2_ws/install/openarm_description/share/openarm_description/assets/robot/openarm_v1.0/mesh/arm/visual/link5.dae
-- Installing: /home/signalprocessing-dev/OpenArmIK/ros2_ws/install/openarm_description/share/openarm_description/assets/robot/openarm_v1.0/mesh/arm/visual/link6.dae
-- Installing: /home/signalprocessing-dev/OpenArmIK/ros2_ws/install/openarm_description/share/openarm_description/assets/robot/openarm_v1.0/mesh/arm/visual/link0.stl
-- Installing: /home/signalprocessing-dev/OpenArmIK/ros2_ws/install/openarm_description/share/openarm_description/assets/robot/openarm_v1.0/mesh/arm/visual/link7.dae
-- Installing: /home/signalprocessing-dev/OpenArmIK/ros2_ws/install/openarm_description/share/openarm_description/assets/robot/openarm_v1.0/mesh/arm/visual/link7.stl
-- Installing: /home/signalprocessing-dev/OpenArmIK/ros2_ws/install/openarm_description/share/openarm_description/assets/robot/openarm_v1.0/mesh/arm/visual/link5.stl
-- Installing: /home/signalprocessing-dev/OpenArmIK/ros2_ws/install/openarm_description/share/openarm_description/assets/robot/openarm_v1.0/mesh/arm/visual/link3.stl
-- Installing: /home/signalprocessing-dev/OpenArmIK/ros2_ws/install/openarm_description/share/openarm_description/assets/robot/openarm_v1.0/mesh/arm/visual/link1.dae
-- Installing: /home/signalprocessing-dev/OpenArmIK/ros2_ws/install/openarm_description/share/openarm_description/assets/robot/openarm_v1.0/mesh/arm/visual/link2.stl
-- Installing: /home/signalprocessing-dev/OpenArmIK/ros2_ws/install/openarm_description/share/openarm_description/assets/robot/openarm_v1.0/mesh/arm/visual/link2.dae
-- Installing: /home/signalprocessing-dev/OpenArmIK/ros2_ws/install/openarm_description/share/openarm_description/assets/robot/openarm_v1.0/mesh/arm/visual/link0.dae
-- Installing: /home/signalprocessing-dev/OpenArmIK/ros2_ws/install/openarm_description/share/openarm_description/assets/robot/openarm_v1.0/mesh/arm/collision
-- Installing: /home/signalprocessing-dev/OpenArmIK/ros2_ws/install/openarm_description/share/openarm_description/assets/robot/openarm_v1.0/mesh/arm/collision/link3_symp.stl
-- Installing: /home/signalprocessing-dev/OpenArmIK/ros2_ws/install/openarm_description/share/openarm_description/assets/robot/openarm_v1.0/mesh/arm/collision/link5_symp.stl
-- Installing: /home/signalprocessing-dev/OpenArmIK/ros2_ws/install/openarm_description/share/openarm_description/assets/robot/openarm_v1.0/mesh/arm/collision/link7_symp.stl
-- Installing: /home/signalprocessing-dev/OpenArmIK/ros2_ws/install/openarm_description/share/openarm_description/assets/robot/openarm_v1.0/mesh/arm/collision/link4_symp.stl
-- Installing: /home/signalprocessing-dev/OpenArmIK/ros2_ws/install/openarm_description/share/openarm_description/assets/robot/openarm_v1.0/mesh/arm/collision/link0_symp.stl
-- Installing: /home/signalprocessing-dev/OpenArmIK/ros2_ws/install/openarm_description/share/openarm_description/assets/robot/openarm_v1.0/mesh/arm/collision/link1_symp.stl
-- Installing: /home/signalprocessing-dev/OpenArmIK/ros2_ws/install/openarm_description/share/openarm_description/assets/robot/openarm_v1.0/mesh/arm/collision/link2_symp.stl
-- Installing: /home/signalprocessing-dev/OpenArmIK/ros2_ws/install/openarm_description/share/openarm_description/assets/robot/openarm_v1.0/mesh/arm/collision/link6_symp.stl
-- Installing: /home/signalprocessing-dev/OpenArmIK/ros2_ws/install/openarm_description/share/openarm_description/assets/robot/openarm_v1.0/urdf
-- Installing: /home/signalprocessing-dev/OpenArmIK/ros2_ws/install/openarm_description/share/openarm_description/assets/robot/openarm_v1.0/urdf/body
-- Installing: /home/signalprocessing-dev/OpenArmIK/ros2_ws/install/openarm_description/share/openarm_description/assets/robot/openarm_v1.0/urdf/body/openarm_body.xacro
-- Installing: /home/signalprocessing-dev/OpenArmIK/ros2_ws/install/openarm_description/share/openarm_description/assets/robot/openarm_v1.0/urdf/body/openarm_body_macro.xacro
-- Installing: /home/signalprocessing-dev/OpenArmIK/ros2_ws/install/openarm_description/share/openarm_description/assets/robot/openarm_v1.0/urdf/example
-- Installing: /home/signalprocessing-dev/OpenArmIK/ros2_ws/install/openarm_description/share/openarm_description/assets/robot/openarm_v1.0/urdf/example/v1.urdf
-- Installing: /home/signalprocessing-dev/OpenArmIK/ros2_ws/install/openarm_description/share/openarm_description/assets/robot/openarm_v1.0/urdf/openarm_v10.urdf.xacro
-- Installing: /home/signalprocessing-dev/OpenArmIK/ros2_ws/install/openarm_description/share/openarm_description/assets/robot/openarm_v1.0/urdf/robot
-- Installing: /home/signalprocessing-dev/OpenArmIK/ros2_ws/install/openarm_description/share/openarm_description/assets/robot/openarm_v1.0/urdf/robot/openarm_robot.xacro
-- Installing: /home/signalprocessing-dev/OpenArmIK/ros2_ws/install/openarm_description/share/openarm_description/assets/robot/openarm_v1.0/urdf/arm
-- Installing: /home/signalprocessing-dev/OpenArmIK/ros2_ws/install/openarm_description/share/openarm_description/assets/robot/openarm_v1.0/urdf/arm/openarm_macro.xacro
-- Installing: /home/signalprocessing-dev/OpenArmIK/ros2_ws/install/openarm_description/share/openarm_description/assets/robot/openarm_v1.0/urdf/arm/openarm_arm.xacro
-- Installing: /home/signalprocessing-dev/OpenArmIK/ros2_ws/install/openarm_description/share/openarm_description/assets/robot/openarm_v1.0/urdf/ros2_control
-- Installing: /home/signalprocessing-dev/OpenArmIK/ros2_ws/install/openarm_description/share/openarm_description/assets/robot/openarm_v1.0/urdf/ros2_control/openarm.ros2_control.xacro
-- Installing: /home/signalprocessing-dev/OpenArmIK/ros2_ws/install/openarm_description/share/openarm_description/assets/robot/openarm_v1.0/urdf/ros2_control/openarm.bimanual.ros2_control.xacro
-- Installing: /home/signalprocessing-dev/OpenArmIK/ros2_ws/install/openarm_description/share/openarm_description/assets/robot/openarm_v1.0/urdf/ee
-- Installing: /home/signalprocessing-dev/OpenArmIK/ros2_ws/install/openarm_description/share/openarm_description/assets/robot/openarm_v1.0/urdf/ee/parallel_link
-- Installing: /home/signalprocessing-dev/OpenArmIK/ros2_ws/install/openarm_description/share/openarm_description/assets/robot/openarm_v1.0/urdf/ee/parallel_link/openarm_parallel_gripper.xacro
-- Installing: /home/signalprocessing-dev/OpenArmIK/ros2_ws/install/openarm_description/share/openarm_description/assets/robot/openarm_v1.0/urdf/ee/openarm_ee_macro.xacro
-- Installing: /home/signalprocessing-dev/OpenArmIK/ros2_ws/install/openarm_description/share/openarm_description/assets/robot/openarm_v1.0/urdf/ee/pinch_gripper
-- Installing: /home/signalprocessing-dev/OpenArmIK/ros2_ws/install/openarm_description/share/openarm_description/assets/robot/openarm_v1.0/urdf/ee/pinch_gripper/openarm_v20_pinch_gripper.xacro
-- Installing: /home/signalprocessing-dev/OpenArmIK/ros2_ws/install/openarm_description/share/openarm_description/assets/robot/openarm_v1.0/urdf/ee/ee_dispatcher.xacro
-- Installing: /home/signalprocessing-dev/OpenArmIK/ros2_ws/install/openarm_description/share/openarm_description/assets/robot/openarm_v1.0/config
-- Installing: /home/signalprocessing-dev/OpenArmIK/ros2_ws/install/openarm_description/share/openarm_description/assets/robot/openarm_v1.0/config/body
-- Installing: /home/signalprocessing-dev/OpenArmIK/ros2_ws/install/openarm_description/share/openarm_description/assets/robot/openarm_v1.0/config/body/inertials.yaml
-- Installing: /home/signalprocessing-dev/OpenArmIK/ros2_ws/install/openarm_description/share/openarm_description/assets/robot/openarm_v1.0/config/body/kinematics_link.yaml
-- Installing: /home/signalprocessing-dev/OpenArmIK/ros2_ws/install/openarm_description/share/openarm_description/assets/robot/openarm_v1.0/config/body/kinematics.yaml
-- Installing: /home/signalprocessing-dev/OpenArmIK/ros2_ws/install/openarm_description/share/openarm_description/assets/robot/openarm_v1.0/config/arm
-- Installing: /home/signalprocessing-dev/OpenArmIK/ros2_ws/install/openarm_description/share/openarm_description/assets/robot/openarm_v1.0/config/arm/inertials.yaml
-- Installing: /home/signalprocessing-dev/OpenArmIK/ros2_ws/install/openarm_description/share/openarm_description/assets/robot/openarm_v1.0/config/arm/joint_limits.yaml
-- Installing: /home/signalprocessing-dev/OpenArmIK/ros2_ws/install/openarm_description/share/openarm_description/assets/robot/openarm_v1.0/config/arm/kinematics_offset.yaml
-- Installing: /home/signalprocessing-dev/OpenArmIK/ros2_ws/install/openarm_description/share/openarm_description/assets/robot/openarm_v1.0/config/arm/control_gains.yaml
-- Installing: /home/signalprocessing-dev/OpenArmIK/ros2_ws/install/openarm_description/share/openarm_description/assets/robot/openarm_v1.0/config/arm/kinematics_link.yaml
-- Installing: /home/signalprocessing-dev/OpenArmIK/ros2_ws/install/openarm_description/share/openarm_description/assets/robot/openarm_v1.0/config/arm/kinematics.yaml
-- Installing: /home/signalprocessing-dev/OpenArmIK/ros2_ws/install/openarm_description/share/openarm_description/assets/robot/openarm_v2.0
-- Installing: /home/signalprocessing-dev/OpenArmIK/ros2_ws/install/openarm_description/share/openarm_description/assets/robot/openarm_v2.0/urdf
-- Installing: /home/signalprocessing-dev/OpenArmIK/ros2_ws/install/openarm_description/share/openarm_description/assets/robot/openarm_v2.0/urdf/openarm_v20.urdf.xacro
-- Installing: /home/signalprocessing-dev/OpenArmIK/ros2_ws/install/openarm_description/share/openarm_description/assets/robot/openarm_v2.0/urdf/example
-- Installing: /home/signalprocessing-dev/OpenArmIK/ros2_ws/install/openarm_description/share/openarm_description/assets/robot/openarm_v2.0/urdf/example/v2.urdf
-- Installing: /home/signalprocessing-dev/OpenArmIK/ros2_ws/install/openarm_description/share/openarm_description/assets/robot/openarm_v2.0/urdf/ros2_control
-- Installing: /home/signalprocessing-dev/OpenArmIK/ros2_ws/install/openarm_description/share/openarm_description/assets/robot/openarm_v2.0/urdf/ros2_control/openarm.ros2_control.xacro
-- Installing: /home/signalprocessing-dev/OpenArmIK/ros2_ws/install/openarm_description/share/openarm_description/assets/robot/openarm_v2.0/urdf/ros2_control/openarm.bimanual.ros2_control.xacro
-- Installing: /home/signalprocessing-dev/OpenArmIK/ros2_ws/install/openarm_description/share/openarm_description/assets/robot/openarm_v2.0/urdf/utils
-- Installing: /home/signalprocessing-dev/OpenArmIK/ros2_ws/install/openarm_description/share/openarm_description/assets/robot/openarm_v2.0/urdf/utils/openarm_v20_arm.xacro
-- Installing: /home/signalprocessing-dev/OpenArmIK/ros2_ws/install/openarm_description/share/openarm_description/assets/robot/openarm_v2.0/urdf/utils/openarm_v20_ee.xacro
-- Installing: /home/signalprocessing-dev/OpenArmIK/ros2_ws/install/openarm_description/share/openarm_description/assets/robot/openarm_v2.0/urdf/utils/openarm_v20_utils.xacro
-- Installing: /home/signalprocessing-dev/OpenArmIK/ros2_ws/install/openarm_description/share/openarm_description/assets/robot/openarm_v2.0/urdf/utils/openarm_v20_robot.xacro
-- Installing: /home/signalprocessing-dev/OpenArmIK/ros2_ws/install/openarm_description/share/openarm_description/assets/robot/openarm_v2.0/urdf/utils/openarm_v20_sensor.xacro
-- Installing: /home/signalprocessing-dev/OpenArmIK/ros2_ws/install/openarm_description/share/openarm_description/assets/robot/openarm_v2.0/meshes
-- Installing: /home/signalprocessing-dev/OpenArmIK/ros2_ws/install/openarm_description/share/openarm_description/assets/robot/openarm_v2.0/meshes/body
-- Installing: /home/signalprocessing-dev/OpenArmIK/ros2_ws/install/openarm_description/share/openarm_description/assets/robot/openarm_v2.0/meshes/body/visual
-- Installing: /home/signalprocessing-dev/OpenArmIK/ros2_ws/install/openarm_description/share/openarm_description/assets/robot/openarm_v2.0/meshes/body/visual/body_link0.dae
-- Installing: /home/signalprocessing-dev/OpenArmIK/ros2_ws/install/openarm_description/share/openarm_description/assets/robot/openarm_v2.0/meshes/body/visual/body_link0.stl
-- Installing: /home/signalprocessing-dev/OpenArmIK/ros2_ws/install/openarm_description/share/openarm_description/assets/robot/openarm_v2.0/meshes/body/collision
-- Installing: /home/signalprocessing-dev/OpenArmIK/ros2_ws/install/openarm_description/share/openarm_description/assets/robot/openarm_v2.0/meshes/body/collision/body_link0_symp.stl
-- Installing: /home/signalprocessing-dev/OpenArmIK/ros2_ws/install/openarm_description/share/openarm_description/assets/robot/openarm_v2.0/meshes/body/meta.md
-- Installing: /home/signalprocessing-dev/OpenArmIK/ros2_ws/install/openarm_description/share/openarm_description/assets/robot/openarm_v2.0/meshes/arm
-- Installing: /home/signalprocessing-dev/OpenArmIK/ros2_ws/install/openarm_description/share/openarm_description/assets/robot/openarm_v2.0/meshes/arm/visual
-- Installing: /home/signalprocessing-dev/OpenArmIK/ros2_ws/install/openarm_description/share/openarm_description/assets/robot/openarm_v2.0/meshes/arm/visual/link3.dae
-- Installing: /home/signalprocessing-dev/OpenArmIK/ros2_ws/install/openarm_description/share/openarm_description/assets/robot/openarm_v2.0/meshes/arm/visual/link4.dae
-- Installing: /home/signalprocessing-dev/OpenArmIK/ros2_ws/install/openarm_description/share/openarm_description/assets/robot/openarm_v2.0/meshes/arm/visual/link5.dae
-- Installing: /home/signalprocessing-dev/OpenArmIK/ros2_ws/install/openarm_description/share/openarm_description/assets/robot/openarm_v2.0/meshes/arm/visual/link6.dae
-- Installing: /home/signalprocessing-dev/OpenArmIK/ros2_ws/install/openarm_description/share/openarm_description/assets/robot/openarm_v2.0/meshes/arm/visual/base_link.dae
-- Installing: /home/signalprocessing-dev/OpenArmIK/ros2_ws/install/openarm_description/share/openarm_description/assets/robot/openarm_v2.0/meshes/arm/visual/link1.dae
-- Installing: /home/signalprocessing-dev/OpenArmIK/ros2_ws/install/openarm_description/share/openarm_description/assets/robot/openarm_v2.0/meshes/arm/visual/link2.dae
-- Installing: /home/signalprocessing-dev/OpenArmIK/ros2_ws/install/openarm_description/share/openarm_description/assets/robot/openarm_v2.0/meshes/arm/collision
-- Installing: /home/signalprocessing-dev/OpenArmIK/ros2_ws/install/openarm_description/share/openarm_description/assets/robot/openarm_v2.0/meshes/arm/collision/link6.stl
-- Installing: /home/signalprocessing-dev/OpenArmIK/ros2_ws/install/openarm_description/share/openarm_description/assets/robot/openarm_v2.0/meshes/arm/collision/link1.stl
-- Installing: /home/signalprocessing-dev/OpenArmIK/ros2_ws/install/openarm_description/share/openarm_description/assets/robot/openarm_v2.0/meshes/arm/collision/link4.stl
-- Installing: /home/signalprocessing-dev/OpenArmIK/ros2_ws/install/openarm_description/share/openarm_description/assets/robot/openarm_v2.0/meshes/arm/collision/base_link.stl
-- Installing: /home/signalprocessing-dev/OpenArmIK/ros2_ws/install/openarm_description/share/openarm_description/assets/robot/openarm_v2.0/meshes/arm/collision/link5.stl
-- Installing: /home/signalprocessing-dev/OpenArmIK/ros2_ws/install/openarm_description/share/openarm_description/assets/robot/openarm_v2.0/meshes/arm/collision/link3.stl
-- Installing: /home/signalprocessing-dev/OpenArmIK/ros2_ws/install/openarm_description/share/openarm_description/assets/robot/openarm_v2.0/meshes/arm/collision/link2.stl
-- Installing: /home/signalprocessing-dev/OpenArmIK/ros2_ws/install/openarm_description/share/openarm_description/assets/robot/openarm_v2.0/meshes/arm/collision/splited
-- Installing: /home/signalprocessing-dev/OpenArmIK/ros2_ws/install/openarm_description/share/openarm_description/assets/robot/openarm_v2.0/meshes/arm/collision/splited/link5
-- Installing: /home/signalprocessing-dev/OpenArmIK/ros2_ws/install/openarm_description/share/openarm_description/assets/robot/openarm_v2.0/meshes/arm/collision/splited/link5/link5_02.stl
-- Installing: /home/signalprocessing-dev/OpenArmIK/ros2_ws/install/openarm_description/share/openarm_description/assets/robot/openarm_v2.0/meshes/arm/collision/splited/link5/link5_00.stl
-- Installing: /home/signalprocessing-dev/OpenArmIK/ros2_ws/install/openarm_description/share/openarm_description/assets/robot/openarm_v2.0/meshes/arm/collision/splited/link5/link5_01.stl
-- Installing: /home/signalprocessing-dev/OpenArmIK/ros2_ws/install/openarm_description/share/openarm_description/assets/robot/openarm_v2.0/meshes/arm/meta.md
-- Installing: /home/signalprocessing-dev/OpenArmIK/ros2_ws/install/openarm_description/share/openarm_description/assets/robot/openarm_v2.0/config
-- Installing: /home/signalprocessing-dev/OpenArmIK/ros2_ws/install/openarm_description/share/openarm_description/assets/robot/openarm_v2.0/config/robot_presets
-- Installing: /home/signalprocessing-dev/OpenArmIK/ros2_ws/install/openarm_description/share/openarm_description/assets/robot/openarm_v2.0/config/robot_presets/left_arm.yaml
-- Installing: /home/signalprocessing-dev/OpenArmIK/ros2_ws/install/openarm_description/share/openarm_description/assets/robot/openarm_v2.0/config/robot_presets/right_arm.yaml
-- Installing: /home/signalprocessing-dev/OpenArmIK/ros2_ws/install/openarm_description/share/openarm_description/assets/robot/openarm_v2.0/config/robot_presets/default_bimanual.yaml
-- Installing: /home/signalprocessing-dev/OpenArmIK/ros2_ws/install/openarm_description/share/openarm_description/assets/robot/openarm_v2.0/config/robot_presets/right_arm_with_pinch_gripper.yaml
-- Installing: /home/signalprocessing-dev/OpenArmIK/ros2_ws/install/openarm_description/share/openarm_description/assets/robot/openarm_v2.0/config/robot_presets/left_arm_with_pinch_gripper.yaml
-- Installing: /home/signalprocessing-dev/OpenArmIK/ros2_ws/install/openarm_description/share/openarm_description/assets/robot/openarm_v2.0/config/body
-- Installing: /home/signalprocessing-dev/OpenArmIK/ros2_ws/install/openarm_description/share/openarm_description/assets/robot/openarm_v2.0/config/body/link
-- Installing: /home/signalprocessing-dev/OpenArmIK/ros2_ws/install/openarm_description/share/openarm_description/assets/robot/openarm_v2.0/config/body/link/visuals.yaml
-- Installing: /home/signalprocessing-dev/OpenArmIK/ros2_ws/install/openarm_description/share/openarm_description/assets/robot/openarm_v2.0/config/body/link/collisions.yaml
-- Installing: /home/signalprocessing-dev/OpenArmIK/ros2_ws/install/openarm_description/share/openarm_description/assets/robot/openarm_v2.0/config/body/inertials
-- Installing: /home/signalprocessing-dev/OpenArmIK/ros2_ws/install/openarm_description/share/openarm_description/assets/robot/openarm_v2.0/config/body/inertials/nominal.yaml
-- Installing: /home/signalprocessing-dev/OpenArmIK/ros2_ws/install/openarm_description/share/openarm_description/assets/robot/openarm_v2.0/config/body/struct
-- Installing: /home/signalprocessing-dev/OpenArmIK/ros2_ws/install/openarm_description/share/openarm_description/assets/robot/openarm_v2.0/config/body/struct/topology.yaml
-- Installing: /home/signalprocessing-dev/OpenArmIK/ros2_ws/install/openarm_description/share/openarm_description/assets/robot/openarm_v2.0/config/body/struct/reference_points.yaml
-- Installing: /home/signalprocessing-dev/OpenArmIK/ros2_ws/install/openarm_description/share/openarm_description/assets/robot/openarm_v2.0/config/body/meta.md
-- Installing: /home/signalprocessing-dev/OpenArmIK/ros2_ws/install/openarm_description/share/openarm_description/assets/robot/openarm_v2.0/config/arm
-- Installing: /home/signalprocessing-dev/OpenArmIK/ros2_ws/install/openarm_description/share/openarm_description/assets/robot/openarm_v2.0/config/arm/link
-- Installing: /home/signalprocessing-dev/OpenArmIK/ros2_ws/install/openarm_description/share/openarm_description/assets/robot/openarm_v2.0/config/arm/link/visuals.yaml
-- Installing: /home/signalprocessing-dev/OpenArmIK/ros2_ws/install/openarm_description/share/openarm_description/assets/robot/openarm_v2.0/config/arm/link/collisions.yaml
-- Installing: /home/signalprocessing-dev/OpenArmIK/ros2_ws/install/openarm_description/share/openarm_description/assets/robot/openarm_v2.0/config/arm/inertials
-- Installing: /home/signalprocessing-dev/OpenArmIK/ros2_ws/install/openarm_description/share/openarm_description/assets/robot/openarm_v2.0/config/arm/inertials/nominal.yaml
-- Installing: /home/signalprocessing-dev/OpenArmIK/ros2_ws/install/openarm_description/share/openarm_description/assets/robot/openarm_v2.0/config/arm/joint
-- Installing: /home/signalprocessing-dev/OpenArmIK/ros2_ws/install/openarm_description/share/openarm_description/assets/robot/openarm_v2.0/config/arm/joint/joint_limits.yaml
-- Installing: /home/signalprocessing-dev/OpenArmIK/ros2_ws/install/openarm_description/share/openarm_description/assets/robot/openarm_v2.0/config/arm/joint/joint_origins.yaml
-- Installing: /home/signalprocessing-dev/OpenArmIK/ros2_ws/install/openarm_description/share/openarm_description/assets/robot/openarm_v2.0/config/arm/joint/joint_axes.yaml
-- Installing: /home/signalprocessing-dev/OpenArmIK/ros2_ws/install/openarm_description/share/openarm_description/assets/robot/openarm_v2.0/config/arm/struct
-- Installing: /home/signalprocessing-dev/OpenArmIK/ros2_ws/install/openarm_description/share/openarm_description/assets/robot/openarm_v2.0/config/arm/struct/topology.yaml
-- Installing: /home/signalprocessing-dev/OpenArmIK/ros2_ws/install/openarm_description/share/openarm_description/assets/robot/openarm_v2.0/config/arm/struct/reference_points.yaml
-- Installing: /home/signalprocessing-dev/OpenArmIK/ros2_ws/install/openarm_description/share/openarm_description/assets/robot/openarm_v2.0/config/arm/struct/name_mapping.yaml
-- Installing: /home/signalprocessing-dev/OpenArmIK/ros2_ws/install/openarm_description/share/openarm_description/assets/robot/openarm_v2.0/config/arm/meta.md
-- Installing: /home/signalprocessing-dev/OpenArmIK/ros2_ws/install/openarm_description/share/openarm_description/assets/robot/openarm_v2.0/config/arm/control
-- Installing: /home/signalprocessing-dev/OpenArmIK/ros2_ws/install/openarm_description/share/openarm_description/assets/robot/openarm_v2.0/config/arm/control/friction.yaml
-- Installing: /home/signalprocessing-dev/OpenArmIK/ros2_ws/install/openarm_description/share/openarm_description/assets/robot/openarm_v2.0/config/arm/control/control_gains.yaml
-- Installing: /home/signalprocessing-dev/OpenArmIK/ros2_ws/install/openarm_description/share/openarm_description/assets/robot/openarm_v2.0/config/meta.md
-- Installing: /home/signalprocessing-dev/OpenArmIK/ros2_ws/install/openarm_description/share/openarm_description/assets/sensor
-- Installing: /home/signalprocessing-dev/OpenArmIK/ros2_ws/install/openarm_description/share/openarm_description/assets/sensor/zed
-- Installing: /home/signalprocessing-dev/OpenArmIK/ros2_ws/install/openarm_description/share/openarm_description/assets/sensor/zed/urdf_wrapper
-- Installing: /home/signalprocessing-dev/OpenArmIK/ros2_ws/install/openarm_description/share/openarm_description/assets/sensor/zed/urdf_wrapper/openarm_zed_wrapper.xacro
-- Installing: /home/signalprocessing-dev/OpenArmIK/ros2_ws/install/openarm_description/share/openarm_description/launch
-- Installing: /home/signalprocessing-dev/OpenArmIK/ros2_ws/install/openarm_description/share/openarm_description/launch/display_openarm.launch.py
-- Installing: /home/signalprocessing-dev/OpenArmIK/ros2_ws/install/openarm_description/share/openarm_description/rviz
-- Installing: /home/signalprocessing-dev/OpenArmIK/ros2_ws/install/openarm_description/share/openarm_description/rviz/bimanual.rviz
-- Installing: /home/signalprocessing-dev/OpenArmIK/ros2_ws/install/openarm_description/share/openarm_description/rviz/arm_only.rviz
-- Installing: /home/signalprocessing-dev/OpenArmIK/ros2_ws/install/openarm_description/share/ament_index/resource_index/package_run_dependencies/openarm_description
-- Installing: /home/signalprocessing-dev/OpenArmIK/ros2_ws/install/openarm_description/share/ament_index/resource_index/parent_prefix_path/openarm_description
-- Installing: /home/signalprocessing-dev/OpenArmIK/ros2_ws/install/openarm_description/share/openarm_description/environment/ament_prefix_path.sh
-- Installing: /home/signalprocessing-dev/OpenArmIK/ros2_ws/install/openarm_description/share/openarm_description/environment/ament_prefix_path.dsv
-- Installing: /home/signalprocessing-dev/OpenArmIK/ros2_ws/install/openarm_description/share/openarm_description/environment/path.sh
-- Installing: /home/signalprocessing-dev/OpenArmIK/ros2_ws/install/openarm_description/share/openarm_description/environment/path.dsv
-- Installing: /home/signalprocessing-dev/OpenArmIK/ros2_ws/install/openarm_description/share/openarm_description/local_setup.bash
-- Installing: /home/signalprocessing-dev/OpenArmIK/ros2_ws/install/openarm_description/share/openarm_description/local_setup.fish
-- Installing: /home/signalprocessing-dev/OpenArmIK/ros2_ws/install/openarm_description/share/openarm_description/local_setup.sh
-- Installing: /home/signalprocessing-dev/OpenArmIK/ros2_ws/install/openarm_description/share/openarm_description/local_setup.zsh
-- Installing: /home/signalprocessing-dev/OpenArmIK/ros2_ws/install/openarm_description/share/openarm_description/local_setup.dsv
-- Installing: /home/signalprocessing-dev/OpenArmIK/ros2_ws/install/openarm_description/share/openarm_description/package.dsv
-- Installing: /home/signalprocessing-dev/OpenArmIK/ros2_ws/install/openarm_description/share/ament_index/resource_index/packages/openarm_description
-- Installing: /home/signalprocessing-dev/OpenArmIK/ros2_ws/install/openarm_description/share/openarm_description/cmake/openarm_descriptionConfig.cmake
-- Installing: /home/signalprocessing-dev/OpenArmIK/ros2_ws/install/openarm_description/share/openarm_description/cmake/openarm_descriptionConfig-version.cmake
-- Installing: /home/signalprocessing-dev/OpenArmIK/ros2_ws/install/openarm_description/share/openarm_description/package.xml
--- stderr: openarm_description
CMake Deprecation Warning at CMakeLists.txt:15 (cmake_minimum_required):
  Compatibility with CMake < 3.10 will be removed from a future version of
  CMake.

  Update the VERSION argument <min> value.  Or, use the <min>...<max> syntax
  to tell CMake that the project requires at least <min> but has been updated
  to work with policies introduced by <max> or earlier.


CMake Warning:
  Manually-specified variables were not used by the project:

    OPENARM_IK_ROS_COVERAGE


---
Finished <<< openarm_description [0.73s]
-- Using all available rosidl_typesupport_c: rosidl_typesupport_fastrtps_c;rosidl_typesupport_introspection_c
-- Using all available rosidl_typesupport_cpp: rosidl_typesupport_fastrtps_cpp;rosidl_typesupport_introspection_cpp
-- Found Python3: /usr/bin/python3 (found version "3.14.4") found components: Interpreter Development NumPy Development.Module Development.Embed
-- Found Python3: /usr/bin/python3 (found version "3.14.4") found components: Interpreter
-- Configuring done (1.9s)
-- Generating done (0.0s)
CMake Warning:
  Manually-specified variables were not used by the project:

    OPENARM_IK_ROS_COVERAGE


-- Build files have been written to: /home/signalprocessing-dev/OpenArmIK/ros2_ws/build/openarm_control_msgs
[  2%] Generating Rust code for ROS interfaces
[  4%] Generating type hashes for ROS interfaces
[  4%] Built target openarm_control_msgs__rosidl_generator_type_description
[  6%] Generating C code for ROS interfaces
[  8%] Generating C++ code for ROS interfaces
[  8%] Built target openarm_control_msgs__rs
[  8%] Built target openarm_control_msgs__cpp
[ 11%] Building C object CMakeFiles/openarm_control_msgs__rosidl_generator_c.dir/rosidl_generator_c/openarm_control_msgs/action/detail/move_joint__description.c.o
[ 13%] Building C object CMakeFiles/openarm_control_msgs__rosidl_generator_c.dir/rosidl_generator_c/openarm_control_msgs/action/detail/move_paired_tcp__functions.c.o
[ 15%] Building C object CMakeFiles/openarm_control_msgs__rosidl_generator_c.dir/rosidl_generator_c/openarm_control_msgs/action/detail/move_paired_tcp__type_support.c.o
[ 22%] Building C object CMakeFiles/openarm_control_msgs__rosidl_generator_c.dir/rosidl_generator_c/openarm_control_msgs/action/detail/move_paired_tcp__description.c.o
[ 22%] Building C object CMakeFiles/openarm_control_msgs__rosidl_generator_c.dir/rosidl_generator_c/openarm_control_msgs/action/detail/move_joint__type_support.c.o
[ 22%] Building C object CMakeFiles/openarm_control_msgs__rosidl_generator_c.dir/rosidl_generator_c/openarm_control_msgs/action/detail/move_joint__functions.c.o
[ 24%] Linking C shared library libopenarm_control_msgs__rosidl_generator_c.so
[ 24%] Built target openarm_control_msgs__rosidl_generator_c
[ 28%] Generating C type support dispatch for ROS interfaces
[ 28%] Generating C++ introspection for ROS interfaces
[ 31%] Generating C++ type support dispatch for ROS interfaces
[ 33%] Generating C++ type support for eProsima Fast-RTPS
[ 37%] Generating C introspection for ROS interfaces
[ 37%] Generating C type support for eProsima Fast-RTPS
[ 40%] Building CXX object CMakeFiles/openarm_control_msgs__rosidl_typesupport_cpp.dir/rosidl_typesupport_cpp/openarm_control_msgs/action/move_joint__type_support.cpp.o
[ 42%] Building CXX object CMakeFiles/openarm_control_msgs__rosidl_typesupport_c.dir/rosidl_typesupport_c/openarm_control_msgs/action/move_paired_tcp__type_support.cpp.o
[ 46%] Building CXX object CMakeFiles/openarm_control_msgs__rosidl_typesupport_c.dir/rosidl_typesupport_c/openarm_control_msgs/action/move_joint__type_support.cpp.o
[ 46%] Building CXX object CMakeFiles/openarm_control_msgs__rosidl_typesupport_cpp.dir/rosidl_typesupport_cpp/openarm_control_msgs/action/move_paired_tcp__type_support.cpp.o
[ 48%] Linking CXX shared library libopenarm_control_msgs__rosidl_typesupport_c.so
[ 53%] Building CXX object CMakeFiles/openarm_control_msgs__rosidl_typesupport_introspection_cpp.dir/rosidl_typesupport_introspection_cpp/openarm_control_msgs/action/detail/move_joint__type_support.cpp.o
[ 53%] Building CXX object CMakeFiles/openarm_control_msgs__rosidl_typesupport_introspection_cpp.dir/rosidl_typesupport_introspection_cpp/openarm_control_msgs/action/detail/move_paired_tcp__type_support.cpp.o
[ 53%] Built target openarm_control_msgs__rosidl_typesupport_c
[ 55%] Building C object CMakeFiles/openarm_control_msgs__rosidl_typesupport_introspection_c.dir/rosidl_typesupport_introspection_c/openarm_control_msgs/action/detail/move_joint__type_support.c.o
[ 57%] Building C object CMakeFiles/openarm_control_msgs__rosidl_typesupport_introspection_c.dir/rosidl_typesupport_introspection_c/openarm_control_msgs/action/detail/move_paired_tcp__type_support.c.o
[ 60%] Linking C shared library libopenarm_control_msgs__rosidl_typesupport_introspection_c.so
[ 60%] Built target openarm_control_msgs__rosidl_typesupport_introspection_c
[ 64%] Building CXX object CMakeFiles/openarm_control_msgs__rosidl_typesupport_fastrtps_cpp.dir/rosidl_typesupport_fastrtps_cpp/openarm_control_msgs/action/detail/dds_fastrtps/move_joint__type_support.cpp.o
[ 64%] Building CXX object CMakeFiles/openarm_control_msgs__rosidl_typesupport_fastrtps_cpp.dir/rosidl_typesupport_fastrtps_cpp/openarm_control_msgs/action/detail/dds_fastrtps/move_paired_tcp__type_support.cpp.o
[ 66%] Building CXX object CMakeFiles/openarm_control_msgs__rosidl_typesupport_fastrtps_c.dir/rosidl_typesupport_fastrtps_c/openarm_control_msgs/action/detail/move_joint__type_support_c.cpp.o
[ 68%] Building CXX object CMakeFiles/openarm_control_msgs__rosidl_typesupport_fastrtps_c.dir/rosidl_typesupport_fastrtps_c/openarm_control_msgs/action/detail/move_paired_tcp__type_support_c.cpp.o
[ 71%] Linking CXX shared library libopenarm_control_msgs__rosidl_typesupport_cpp.so
[ 71%] Built target openarm_control_msgs__rosidl_typesupport_cpp
[ 73%] Linking CXX shared library libopenarm_control_msgs__rosidl_typesupport_introspection_cpp.so
[ 73%] Built target openarm_control_msgs__rosidl_typesupport_introspection_cpp
[ 75%] Linking CXX shared library libopenarm_control_msgs__rosidl_typesupport_fastrtps_c.so
[ 75%] Built target openarm_control_msgs__rosidl_typesupport_fastrtps_c
[ 77%] Linking CXX shared library libopenarm_control_msgs__rosidl_typesupport_fastrtps_cpp.so
[ 77%] Built target openarm_control_msgs__rosidl_typesupport_fastrtps_cpp
[ 77%] Built target openarm_control_msgs
[ 80%] Generating Python code for ROS interfaces
[ 80%] Built target openarm_control_msgs__py
[ 84%] Building C object CMakeFiles/openarm_control_msgs__rosidl_generator_py.dir/rosidl_generator_py/openarm_control_msgs/action/_move_joint_s.c.o
[ 84%] Building C object CMakeFiles/openarm_control_msgs__rosidl_generator_py.dir/rosidl_generator_py/openarm_control_msgs/action/_move_paired_tcp_s.c.o
[ 84%] Built target ament_cmake_python_sync_openarm_control_msgs
running egg_info
creating openarm_control_msgs.egg-info
writing openarm_control_msgs.egg-info/PKG-INFO
writing dependency_links to openarm_control_msgs.egg-info/dependency_links.txt
writing top-level names to openarm_control_msgs.egg-info/top_level.txt
writing manifest file 'openarm_control_msgs.egg-info/SOURCES.txt'
reading manifest file 'openarm_control_msgs.egg-info/SOURCES.txt'
writing manifest file 'openarm_control_msgs.egg-info/SOURCES.txt'
[ 84%] Built target ament_cmake_python_build_openarm_control_msgs_egg
[ 86%] Linking C shared library libopenarm_control_msgs__rosidl_generator_py.so
[ 86%] Built target openarm_control_msgs__rosidl_generator_py
[ 91%] Building C object CMakeFiles/openarm_control_msgs_s__rosidl_typesupport_fastrtps_c.dir/rosidl_generator_py/openarm_control_msgs/_openarm_control_msgs_s.ep.rosidl_typesupport_fastrtps_c.c.o
[ 91%] Building C object CMakeFiles/openarm_control_msgs_s__rosidl_typesupport_c.dir/rosidl_generator_py/openarm_control_msgs/_openarm_control_msgs_s.ep.rosidl_typesupport_c.c.o
[ 93%] Building C object CMakeFiles/openarm_control_msgs_s__rosidl_typesupport_introspection_c.dir/rosidl_generator_py/openarm_control_msgs/_openarm_control_msgs_s.ep.rosidl_typesupport_introspection_c.c.o
[ 95%] Linking C shared module rosidl_generator_py/openarm_control_msgs/openarm_control_msgs_s__rosidl_typesupport_c.so
[ 97%] Linking C shared module rosidl_generator_py/openarm_control_msgs/openarm_control_msgs_s__rosidl_typesupport_introspection_c.so
[100%] Linking C shared module rosidl_generator_py/openarm_control_msgs/openarm_control_msgs_s__rosidl_typesupport_fastrtps_c.so
[100%] Built target openarm_control_msgs_s__rosidl_typesupport_c
[100%] Built target openarm_control_msgs_s__rosidl_typesupport_introspection_c
[100%] Built target openarm_control_msgs_s__rosidl_typesupport_fastrtps_c
-- Install configuration: "Release"
-- Installing: /home/signalprocessing-dev/OpenArmIK/ros2_ws/install/openarm_control_msgs/share/ament_index/resource_index/rosidl_interfaces/openarm_control_msgs
-- Installing: /home/signalprocessing-dev/OpenArmIK/ros2_ws/install/openarm_control_msgs/share/openarm_control_msgs/action/MoveJoint.json
-- Installing: /home/signalprocessing-dev/OpenArmIK/ros2_ws/install/openarm_control_msgs/share/openarm_control_msgs/action/MovePairedTcp.json
-- Installing: /home/signalprocessing-dev/OpenArmIK/ros2_ws/install/openarm_control_msgs/include/openarm_control_msgs/openarm_control_msgs
-- Installing: /home/signalprocessing-dev/OpenArmIK/ros2_ws/install/openarm_control_msgs/include/openarm_control_msgs/openarm_control_msgs/msg
-- Installing: /home/signalprocessing-dev/OpenArmIK/ros2_ws/install/openarm_control_msgs/include/openarm_control_msgs/openarm_control_msgs/msg/rosidl_generator_c__visibility_control.h
-- Installing: /home/signalprocessing-dev/OpenArmIK/ros2_ws/install/openarm_control_msgs/include/openarm_control_msgs/openarm_control_msgs/action
-- Installing: /home/signalprocessing-dev/OpenArmIK/ros2_ws/install/openarm_control_msgs/include/openarm_control_msgs/openarm_control_msgs/action/move_joint.h
-- Installing: /home/signalprocessing-dev/OpenArmIK/ros2_ws/install/openarm_control_msgs/include/openarm_control_msgs/openarm_control_msgs/action/move_paired_tcp.h
-- Installing: /home/signalprocessing-dev/OpenArmIK/ros2_ws/install/openarm_control_msgs/include/openarm_control_msgs/openarm_control_msgs/action/detail
-- Installing: /home/signalprocessing-dev/OpenArmIK/ros2_ws/install/openarm_control_msgs/include/openarm_control_msgs/openarm_control_msgs/action/detail/move_paired_tcp__type_support.c
-- Installing: /home/signalprocessing-dev/OpenArmIK/ros2_ws/install/openarm_control_msgs/include/openarm_control_msgs/openarm_control_msgs/action/detail/move_paired_tcp__type_support.h
-- Installing: /home/signalprocessing-dev/OpenArmIK/ros2_ws/install/openarm_control_msgs/include/openarm_control_msgs/openarm_control_msgs/action/detail/move_joint__description.c
-- Installing: /home/signalprocessing-dev/OpenArmIK/ros2_ws/install/openarm_control_msgs/include/openarm_control_msgs/openarm_control_msgs/action/detail/move_joint__functions.c
-- Installing: /home/signalprocessing-dev/OpenArmIK/ros2_ws/install/openarm_control_msgs/include/openarm_control_msgs/openarm_control_msgs/action/detail/move_paired_tcp__struct.h
-- Installing: /home/signalprocessing-dev/OpenArmIK/ros2_ws/install/openarm_control_msgs/include/openarm_control_msgs/openarm_control_msgs/action/detail/move_joint__type_support.h
-- Installing: /home/signalprocessing-dev/OpenArmIK/ros2_ws/install/openarm_control_msgs/include/openarm_control_msgs/openarm_control_msgs/action/detail/move_paired_tcp__functions.h
-- Installing: /home/signalprocessing-dev/OpenArmIK/ros2_ws/install/openarm_control_msgs/include/openarm_control_msgs/openarm_control_msgs/action/detail/move_joint__type_support.c
-- Installing: /home/signalprocessing-dev/OpenArmIK/ros2_ws/install/openarm_control_msgs/include/openarm_control_msgs/openarm_control_msgs/action/detail/move_paired_tcp__description.c
-- Installing: /home/signalprocessing-dev/OpenArmIK/ros2_ws/install/openarm_control_msgs/include/openarm_control_msgs/openarm_control_msgs/action/detail/move_joint__functions.h
-- Installing: /home/signalprocessing-dev/OpenArmIK/ros2_ws/install/openarm_control_msgs/include/openarm_control_msgs/openarm_control_msgs/action/detail/move_joint__struct.h
-- Installing: /home/signalprocessing-dev/OpenArmIK/ros2_ws/install/openarm_control_msgs/include/openarm_control_msgs/openarm_control_msgs/action/detail/move_paired_tcp__functions.c
-- Installing: /home/signalprocessing-dev/OpenArmIK/ros2_ws/install/openarm_control_msgs/share/openarm_control_msgs/environment/library_path.sh
-- Installing: /home/signalprocessing-dev/OpenArmIK/ros2_ws/install/openarm_control_msgs/share/openarm_control_msgs/environment/library_path.dsv
-- Installing: /home/signalprocessing-dev/OpenArmIK/ros2_ws/install/openarm_control_msgs/lib/libopenarm_control_msgs__rosidl_generator_c.so
-- Set non-toolchain portion of runtime path of "/home/signalprocessing-dev/OpenArmIK/ros2_ws/install/openarm_control_msgs/lib/libopenarm_control_msgs__rosidl_generator_c.so" to ""
-- Up-to-date: /home/signalprocessing-dev/OpenArmIK/ros2_ws/install/openarm_control_msgs/include/openarm_control_msgs/openarm_control_msgs
-- Up-to-date: /home/signalprocessing-dev/OpenArmIK/ros2_ws/install/openarm_control_msgs/include/openarm_control_msgs/openarm_control_msgs/msg
-- Installing: /home/signalprocessing-dev/OpenArmIK/ros2_ws/install/openarm_control_msgs/include/openarm_control_msgs/openarm_control_msgs/msg/rosidl_typesupport_fastrtps_c__visibility_control.h
-- Up-to-date: /home/signalprocessing-dev/OpenArmIK/ros2_ws/install/openarm_control_msgs/include/openarm_control_msgs/openarm_control_msgs/action
-- Up-to-date: /home/signalprocessing-dev/OpenArmIK/ros2_ws/install/openarm_control_msgs/include/openarm_control_msgs/openarm_control_msgs/action/detail
-- Installing: /home/signalprocessing-dev/OpenArmIK/ros2_ws/install/openarm_control_msgs/include/openarm_control_msgs/openarm_control_msgs/action/detail/move_joint__rosidl_typesupport_fastrtps_c.h
-- Installing: /home/signalprocessing-dev/OpenArmIK/ros2_ws/install/openarm_control_msgs/include/openarm_control_msgs/openarm_control_msgs/action/detail/move_paired_tcp__rosidl_typesupport_fastrtps_c.h
-- Installing: /home/signalprocessing-dev/OpenArmIK/ros2_ws/install/openarm_control_msgs/lib/libopenarm_control_msgs__rosidl_typesupport_fastrtps_c.so
-- Set non-toolchain portion of runtime path of "/home/signalprocessing-dev/OpenArmIK/ros2_ws/install/openarm_control_msgs/lib/libopenarm_control_msgs__rosidl_typesupport_fastrtps_c.so" to ""
-- Up-to-date: /home/signalprocessing-dev/OpenArmIK/ros2_ws/install/openarm_control_msgs/include/openarm_control_msgs/openarm_control_msgs
-- Up-to-date: /home/signalprocessing-dev/OpenArmIK/ros2_ws/install/openarm_control_msgs/include/openarm_control_msgs/openarm_control_msgs/msg
-- Installing: /home/signalprocessing-dev/OpenArmIK/ros2_ws/install/openarm_control_msgs/include/openarm_control_msgs/openarm_control_msgs/msg/rosidl_generator_cpp__visibility_control.hpp
-- Up-to-date: /home/signalprocessing-dev/OpenArmIK/ros2_ws/install/openarm_control_msgs/include/openarm_control_msgs/openarm_control_msgs/action
-- Installing: /home/signalprocessing-dev/OpenArmIK/ros2_ws/install/openarm_control_msgs/include/openarm_control_msgs/openarm_control_msgs/action/move_joint.hpp
-- Installing: /home/signalprocessing-dev/OpenArmIK/ros2_ws/install/openarm_control_msgs/include/openarm_control_msgs/openarm_control_msgs/action/move_paired_tcp.hpp
-- Up-to-date: /home/signalprocessing-dev/OpenArmIK/ros2_ws/install/openarm_control_msgs/include/openarm_control_msgs/openarm_control_msgs/action/detail
-- Installing: /home/signalprocessing-dev/OpenArmIK/ros2_ws/install/openarm_control_msgs/include/openarm_control_msgs/openarm_control_msgs/action/detail/move_joint__struct.hpp
-- Installing: /home/signalprocessing-dev/OpenArmIK/ros2_ws/install/openarm_control_msgs/include/openarm_control_msgs/openarm_control_msgs/action/detail/move_joint__traits.hpp
-- Installing: /home/signalprocessing-dev/OpenArmIK/ros2_ws/install/openarm_control_msgs/include/openarm_control_msgs/openarm_control_msgs/action/detail/move_joint__type_support.hpp
-- Installing: /home/signalprocessing-dev/OpenArmIK/ros2_ws/install/openarm_control_msgs/include/openarm_control_msgs/openarm_control_msgs/action/detail/move_paired_tcp__struct.hpp
-- Installing: /home/signalprocessing-dev/OpenArmIK/ros2_ws/install/openarm_control_msgs/include/openarm_control_msgs/openarm_control_msgs/action/detail/move_paired_tcp__type_support.hpp
-- Installing: /home/signalprocessing-dev/OpenArmIK/ros2_ws/install/openarm_control_msgs/include/openarm_control_msgs/openarm_control_msgs/action/detail/move_paired_tcp__builder.hpp
-- Installing: /home/signalprocessing-dev/OpenArmIK/ros2_ws/install/openarm_control_msgs/include/openarm_control_msgs/openarm_control_msgs/action/detail/move_paired_tcp__traits.hpp
-- Installing: /home/signalprocessing-dev/OpenArmIK/ros2_ws/install/openarm_control_msgs/include/openarm_control_msgs/openarm_control_msgs/action/detail/move_joint__builder.hpp
-- Up-to-date: /home/signalprocessing-dev/OpenArmIK/ros2_ws/install/openarm_control_msgs/include/openarm_control_msgs/openarm_control_msgs
-- Up-to-date: /home/signalprocessing-dev/OpenArmIK/ros2_ws/install/openarm_control_msgs/include/openarm_control_msgs/openarm_control_msgs/msg
-- Installing: /home/signalprocessing-dev/OpenArmIK/ros2_ws/install/openarm_control_msgs/include/openarm_control_msgs/openarm_control_msgs/msg/rosidl_typesupport_fastrtps_cpp__visibility_control.h
-- Up-to-date: /home/signalprocessing-dev/OpenArmIK/ros2_ws/install/openarm_control_msgs/include/openarm_control_msgs/openarm_control_msgs/action
-- Up-to-date: /home/signalprocessing-dev/OpenArmIK/ros2_ws/install/openarm_control_msgs/include/openarm_control_msgs/openarm_control_msgs/action/detail
-- Installing: /home/signalprocessing-dev/OpenArmIK/ros2_ws/install/openarm_control_msgs/include/openarm_control_msgs/openarm_control_msgs/action/detail/move_paired_tcp__rosidl_typesupport_fastrtps_cpp.hpp
-- Installing: /home/signalprocessing-dev/OpenArmIK/ros2_ws/install/openarm_control_msgs/include/openarm_control_msgs/openarm_control_msgs/action/detail/move_joint__rosidl_typesupport_fastrtps_cpp.hpp
-- Installing: /home/signalprocessing-dev/OpenArmIK/ros2_ws/install/openarm_control_msgs/include/openarm_control_msgs/openarm_control_msgs/action/detail/dds_fastrtps
-- Installing: /home/signalprocessing-dev/OpenArmIK/ros2_ws/install/openarm_control_msgs/lib/libopenarm_control_msgs__rosidl_typesupport_fastrtps_cpp.so
-- Set non-toolchain portion of runtime path of "/home/signalprocessing-dev/OpenArmIK/ros2_ws/install/openarm_control_msgs/lib/libopenarm_control_msgs__rosidl_typesupport_fastrtps_cpp.so" to ""
-- Up-to-date: /home/signalprocessing-dev/OpenArmIK/ros2_ws/install/openarm_control_msgs/include/openarm_control_msgs/openarm_control_msgs
-- Up-to-date: /home/signalprocessing-dev/OpenArmIK/ros2_ws/install/openarm_control_msgs/include/openarm_control_msgs/openarm_control_msgs/msg
-- Installing: /home/signalprocessing-dev/OpenArmIK/ros2_ws/install/openarm_control_msgs/include/openarm_control_msgs/openarm_control_msgs/msg/rosidl_typesupport_introspection_c__visibility_control.h
-- Up-to-date: /home/signalprocessing-dev/OpenArmIK/ros2_ws/install/openarm_control_msgs/include/openarm_control_msgs/openarm_control_msgs/action
-- Up-to-date: /home/signalprocessing-dev/OpenArmIK/ros2_ws/install/openarm_control_msgs/include/openarm_control_msgs/openarm_control_msgs/action/detail
-- Installing: /home/signalprocessing-dev/OpenArmIK/ros2_ws/install/openarm_control_msgs/include/openarm_control_msgs/openarm_control_msgs/action/detail/move_paired_tcp__type_support.c
-- Installing: /home/signalprocessing-dev/OpenArmIK/ros2_ws/install/openarm_control_msgs/include/openarm_control_msgs/openarm_control_msgs/action/detail/move_joint__type_support.c
-- Installing: /home/signalprocessing-dev/OpenArmIK/ros2_ws/install/openarm_control_msgs/include/openarm_control_msgs/openarm_control_msgs/action/detail/move_joint__rosidl_typesupport_introspection_c.h
-- Installing: /home/signalprocessing-dev/OpenArmIK/ros2_ws/install/openarm_control_msgs/include/openarm_control_msgs/openarm_control_msgs/action/detail/move_paired_tcp__rosidl_typesupport_introspection_c.h
-- Installing: /home/signalprocessing-dev/OpenArmIK/ros2_ws/install/openarm_control_msgs/lib/libopenarm_control_msgs__rosidl_typesupport_introspection_c.so
-- Set non-toolchain portion of runtime path of "/home/signalprocessing-dev/OpenArmIK/ros2_ws/install/openarm_control_msgs/lib/libopenarm_control_msgs__rosidl_typesupport_introspection_c.so" to ""
-- Installing: /home/signalprocessing-dev/OpenArmIK/ros2_ws/install/openarm_control_msgs/lib/libopenarm_control_msgs__rosidl_typesupport_c.so
-- Set non-toolchain portion of runtime path of "/home/signalprocessing-dev/OpenArmIK/ros2_ws/install/openarm_control_msgs/lib/libopenarm_control_msgs__rosidl_typesupport_c.so" to ""
-- Up-to-date: /home/signalprocessing-dev/OpenArmIK/ros2_ws/install/openarm_control_msgs/include/openarm_control_msgs/openarm_control_msgs
-- Up-to-date: /home/signalprocessing-dev/OpenArmIK/ros2_ws/install/openarm_control_msgs/include/openarm_control_msgs/openarm_control_msgs/action
-- Up-to-date: /home/signalprocessing-dev/OpenArmIK/ros2_ws/install/openarm_control_msgs/include/openarm_control_msgs/openarm_control_msgs/action/detail
-- Installing: /home/signalprocessing-dev/OpenArmIK/ros2_ws/install/openarm_control_msgs/include/openarm_control_msgs/openarm_control_msgs/action/detail/move_paired_tcp__type_support.cpp
-- Installing: /home/signalprocessing-dev/OpenArmIK/ros2_ws/install/openarm_control_msgs/include/openarm_control_msgs/openarm_control_msgs/action/detail/move_paired_tcp__rosidl_typesupport_introspection_cpp.hpp
-- Installing: /home/signalprocessing-dev/OpenArmIK/ros2_ws/install/openarm_control_msgs/include/openarm_control_msgs/openarm_control_msgs/action/detail/move_joint__type_support.cpp
-- Installing: /home/signalprocessing-dev/OpenArmIK/ros2_ws/install/openarm_control_msgs/include/openarm_control_msgs/openarm_control_msgs/action/detail/move_joint__rosidl_typesupport_introspection_cpp.hpp
-- Installing: /home/signalprocessing-dev/OpenArmIK/ros2_ws/install/openarm_control_msgs/lib/libopenarm_control_msgs__rosidl_typesupport_introspection_cpp.so
-- Set non-toolchain portion of runtime path of "/home/signalprocessing-dev/OpenArmIK/ros2_ws/install/openarm_control_msgs/lib/libopenarm_control_msgs__rosidl_typesupport_introspection_cpp.so" to ""
-- Installing: /home/signalprocessing-dev/OpenArmIK/ros2_ws/install/openarm_control_msgs/lib/libopenarm_control_msgs__rosidl_typesupport_cpp.so
-- Set non-toolchain portion of runtime path of "/home/signalprocessing-dev/OpenArmIK/ros2_ws/install/openarm_control_msgs/lib/libopenarm_control_msgs__rosidl_typesupport_cpp.so" to ""
-- Installing: /home/signalprocessing-dev/OpenArmIK/ros2_ws/install/openarm_control_msgs/share/openarm_control_msgs/environment/pythonpath.sh
-- Installing: /home/signalprocessing-dev/OpenArmIK/ros2_ws/install/openarm_control_msgs/share/openarm_control_msgs/environment/pythonpath.dsv
-- Installing: /home/signalprocessing-dev/OpenArmIK/ros2_ws/install/openarm_control_msgs/lib/python3.14/site-packages/openarm_control_msgs/openarm_control_msgs_s__rosidl_typesupport_fastrtps_c.so
-- Set non-toolchain portion of runtime path of "/home/signalprocessing-dev/OpenArmIK/ros2_ws/install/openarm_control_msgs/lib/python3.14/site-packages/openarm_control_msgs/openarm_control_msgs_s__rosidl_typesupport_fastrtps_c.so" to ""
-- Installing: /home/signalprocessing-dev/OpenArmIK/ros2_ws/install/openarm_control_msgs/lib/python3.14/site-packages/openarm_control_msgs/openarm_control_msgs_s__rosidl_typesupport_introspection_c.so
-- Set non-toolchain portion of runtime path of "/home/signalprocessing-dev/OpenArmIK/ros2_ws/install/openarm_control_msgs/lib/python3.14/site-packages/openarm_control_msgs/openarm_control_msgs_s__rosidl_typesupport_introspection_c.so" to ""
-- Installing: /home/signalprocessing-dev/OpenArmIK/ros2_ws/install/openarm_control_msgs/lib/python3.14/site-packages/openarm_control_msgs/openarm_control_msgs_s__rosidl_typesupport_c.so
-- Set non-toolchain portion of runtime path of "/home/signalprocessing-dev/OpenArmIK/ros2_ws/install/openarm_control_msgs/lib/python3.14/site-packages/openarm_control_msgs/openarm_control_msgs_s__rosidl_typesupport_c.so" to ""
-- Installing: /home/signalprocessing-dev/OpenArmIK/ros2_ws/install/openarm_control_msgs/lib/libopenarm_control_msgs__rosidl_generator_py.so
-- Set non-toolchain portion of runtime path of "/home/signalprocessing-dev/OpenArmIK/ros2_ws/install/openarm_control_msgs/lib/libopenarm_control_msgs__rosidl_generator_py.so" to ""
-- Installing: /home/signalprocessing-dev/OpenArmIK/ros2_ws/install/openarm_control_msgs/share/ament_index/resource_index/rust_packages/openarm_control_msgs
-- Installing: /home/signalprocessing-dev/OpenArmIK/ros2_ws/install/openarm_control_msgs/share/openarm_control_msgs/rust
-- Installing: /home/signalprocessing-dev/OpenArmIK/ros2_ws/install/openarm_control_msgs/share/openarm_control_msgs/rust/Cargo.toml
-- Installing: /home/signalprocessing-dev/OpenArmIK/ros2_ws/install/openarm_control_msgs/share/openarm_control_msgs/rust/build.rs
-- Installing: /home/signalprocessing-dev/OpenArmIK/ros2_ws/install/openarm_control_msgs/share/openarm_control_msgs/rust/src
-- Installing: /home/signalprocessing-dev/OpenArmIK/ros2_ws/install/openarm_control_msgs/share/openarm_control_msgs/rust/src/action.rs
-- Installing: /home/signalprocessing-dev/OpenArmIK/ros2_ws/install/openarm_control_msgs/share/openarm_control_msgs/rust/src/action
-- Installing: /home/signalprocessing-dev/OpenArmIK/ros2_ws/install/openarm_control_msgs/share/openarm_control_msgs/rust/src/action/rmw.rs
-- Installing: /home/signalprocessing-dev/OpenArmIK/ros2_ws/install/openarm_control_msgs/share/openarm_control_msgs/rust/src/lib.rs
-- Installing: /home/signalprocessing-dev/OpenArmIK/ros2_ws/install/openarm_control_msgs/share/openarm_control_msgs/action/MoveJoint.idl
-- Installing: /home/signalprocessing-dev/OpenArmIK/ros2_ws/install/openarm_control_msgs/share/openarm_control_msgs/action/MovePairedTcp.idl
-- Installing: /home/signalprocessing-dev/OpenArmIK/ros2_ws/install/openarm_control_msgs/share/openarm_control_msgs/action/MoveJoint.action
-- Installing: /home/signalprocessing-dev/OpenArmIK/ros2_ws/install/openarm_control_msgs/share/openarm_control_msgs/action/MovePairedTcp.action
-- Installing: /home/signalprocessing-dev/OpenArmIK/ros2_ws/install/openarm_control_msgs/share/ament_index/resource_index/package_run_dependencies/openarm_control_msgs
-- Installing: /home/signalprocessing-dev/OpenArmIK/ros2_ws/install/openarm_control_msgs/share/ament_index/resource_index/parent_prefix_path/openarm_control_msgs
-- Installing: /home/signalprocessing-dev/OpenArmIK/ros2_ws/install/openarm_control_msgs/share/openarm_control_msgs/environment/ament_prefix_path.sh
-- Installing: /home/signalprocessing-dev/OpenArmIK/ros2_ws/install/openarm_control_msgs/share/openarm_control_msgs/environment/ament_prefix_path.dsv
-- Installing: /home/signalprocessing-dev/OpenArmIK/ros2_ws/install/openarm_control_msgs/share/openarm_control_msgs/environment/path.sh
-- Installing: /home/signalprocessing-dev/OpenArmIK/ros2_ws/install/openarm_control_msgs/share/openarm_control_msgs/environment/path.dsv
-- Installing: /home/signalprocessing-dev/OpenArmIK/ros2_ws/install/openarm_control_msgs/share/openarm_control_msgs/local_setup.bash
-- Installing: /home/signalprocessing-dev/OpenArmIK/ros2_ws/install/openarm_control_msgs/share/openarm_control_msgs/local_setup.fish
-- Installing: /home/signalprocessing-dev/OpenArmIK/ros2_ws/install/openarm_control_msgs/share/openarm_control_msgs/local_setup.sh
-- Installing: /home/signalprocessing-dev/OpenArmIK/ros2_ws/install/openarm_control_msgs/share/openarm_control_msgs/local_setup.zsh
-- Installing: /home/signalprocessing-dev/OpenArmIK/ros2_ws/install/openarm_control_msgs/share/openarm_control_msgs/local_setup.dsv
-- Installing: /home/signalprocessing-dev/OpenArmIK/ros2_ws/install/openarm_control_msgs/share/openarm_control_msgs/package.dsv
-- Installing: /home/signalprocessing-dev/OpenArmIK/ros2_ws/install/openarm_control_msgs/share/ament_index/resource_index/packages/openarm_control_msgs
-- Installing: /home/signalprocessing-dev/OpenArmIK/ros2_ws/install/openarm_control_msgs/share/openarm_control_msgs/cmake/export_openarm_control_msgs__rosidl_generator_cExport.cmake
-- Installing: /home/signalprocessing-dev/OpenArmIK/ros2_ws/install/openarm_control_msgs/share/openarm_control_msgs/cmake/export_openarm_control_msgs__rosidl_generator_cExport-release.cmake
-- Installing: /home/signalprocessing-dev/OpenArmIK/ros2_ws/install/openarm_control_msgs/share/openarm_control_msgs/cmake/export_openarm_control_msgs__rosidl_typesupport_fastrtps_cExport.cmake
-- Installing: /home/signalprocessing-dev/OpenArmIK/ros2_ws/install/openarm_control_msgs/share/openarm_control_msgs/cmake/export_openarm_control_msgs__rosidl_typesupport_fastrtps_cExport-release.cmake
-- Installing: /home/signalprocessing-dev/OpenArmIK/ros2_ws/install/openarm_control_msgs/share/openarm_control_msgs/cmake/export_openarm_control_msgs__rosidl_generator_cppExport.cmake
-- Installing: /home/signalprocessing-dev/OpenArmIK/ros2_ws/install/openarm_control_msgs/share/openarm_control_msgs/cmake/export_openarm_control_msgs__rosidl_typesupport_fastrtps_cppExport.cmake
-- Installing: /home/signalprocessing-dev/OpenArmIK/ros2_ws/install/openarm_control_msgs/share/openarm_control_msgs/cmake/export_openarm_control_msgs__rosidl_typesupport_fastrtps_cppExport-release.cmake
-- Installing: /home/signalprocessing-dev/OpenArmIK/ros2_ws/install/openarm_control_msgs/share/openarm_control_msgs/cmake/openarm_control_msgs__rosidl_typesupport_introspection_cExport.cmake
-- Installing: /home/signalprocessing-dev/OpenArmIK/ros2_ws/install/openarm_control_msgs/share/openarm_control_msgs/cmake/openarm_control_msgs__rosidl_typesupport_introspection_cExport-release.cmake
-- Installing: /home/signalprocessing-dev/OpenArmIK/ros2_ws/install/openarm_control_msgs/share/openarm_control_msgs/cmake/openarm_control_msgs__rosidl_typesupport_cExport.cmake
-- Installing: /home/signalprocessing-dev/OpenArmIK/ros2_ws/install/openarm_control_msgs/share/openarm_control_msgs/cmake/openarm_control_msgs__rosidl_typesupport_cExport-release.cmake
-- Installing: /home/signalprocessing-dev/OpenArmIK/ros2_ws/install/openarm_control_msgs/share/openarm_control_msgs/cmake/openarm_control_msgs__rosidl_typesupport_introspection_cppExport.cmake
-- Installing: /home/signalprocessing-dev/OpenArmIK/ros2_ws/install/openarm_control_msgs/share/openarm_control_msgs/cmake/openarm_control_msgs__rosidl_typesupport_introspection_cppExport-release.cmake
-- Installing: /home/signalprocessing-dev/OpenArmIK/ros2_ws/install/openarm_control_msgs/share/openarm_control_msgs/cmake/openarm_control_msgs__rosidl_typesupport_cppExport.cmake
-- Installing: /home/signalprocessing-dev/OpenArmIK/ros2_ws/install/openarm_control_msgs/share/openarm_control_msgs/cmake/openarm_control_msgs__rosidl_typesupport_cppExport-release.cmake
-- Installing: /home/signalprocessing-dev/OpenArmIK/ros2_ws/install/openarm_control_msgs/share/openarm_control_msgs/cmake/export_openarm_control_msgs__rosidl_generator_pyExport.cmake
-- Installing: /home/signalprocessing-dev/OpenArmIK/ros2_ws/install/openarm_control_msgs/share/openarm_control_msgs/cmake/export_openarm_control_msgs__rosidl_generator_pyExport-release.cmake
-- Installing: /home/signalprocessing-dev/OpenArmIK/ros2_ws/install/openarm_control_msgs/lib/python3.14/site-packages/openarm_control_msgs-0.1.0-py3.14.egg-info
-- Installing: /home/signalprocessing-dev/OpenArmIK/ros2_ws/install/openarm_control_msgs/lib/python3.14/site-packages/openarm_control_msgs-0.1.0-py3.14.egg-info/SOURCES.txt
-- Installing: /home/signalprocessing-dev/OpenArmIK/ros2_ws/install/openarm_control_msgs/lib/python3.14/site-packages/openarm_control_msgs-0.1.0-py3.14.egg-info/dependency_links.txt
-- Installing: /home/signalprocessing-dev/OpenArmIK/ros2_ws/install/openarm_control_msgs/lib/python3.14/site-packages/openarm_control_msgs-0.1.0-py3.14.egg-info/top_level.txt
-- Installing: /home/signalprocessing-dev/OpenArmIK/ros2_ws/install/openarm_control_msgs/lib/python3.14/site-packages/openarm_control_msgs-0.1.0-py3.14.egg-info/PKG-INFO
-- Up-to-date: /home/signalprocessing-dev/OpenArmIK/ros2_ws/install/openarm_control_msgs/lib/python3.14/site-packages/openarm_control_msgs
-- Up-to-date: /home/signalprocessing-dev/OpenArmIK/ros2_ws/install/openarm_control_msgs/lib/python3.14/site-packages/openarm_control_msgs/openarm_control_msgs_s__rosidl_typesupport_fastrtps_c.so
-- Up-to-date: /home/signalprocessing-dev/OpenArmIK/ros2_ws/install/openarm_control_msgs/lib/python3.14/site-packages/openarm_control_msgs/openarm_control_msgs_s__rosidl_typesupport_c.so
-- Installing: /home/signalprocessing-dev/OpenArmIK/ros2_ws/install/openarm_control_msgs/lib/python3.14/site-packages/openarm_control_msgs/__init__.py
-- Installing: /home/signalprocessing-dev/OpenArmIK/ros2_ws/install/openarm_control_msgs/lib/python3.14/site-packages/openarm_control_msgs/py.typed
-- Installing: /home/signalprocessing-dev/OpenArmIK/ros2_ws/install/openarm_control_msgs/lib/python3.14/site-packages/openarm_control_msgs/_openarm_control_msgs_s.ep.rosidl_typesupport_introspection_c.c
-- Installing: /home/signalprocessing-dev/OpenArmIK/ros2_ws/install/openarm_control_msgs/lib/python3.14/site-packages/openarm_control_msgs/_openarm_control_msgs_s.ep.rosidl_typesupport_fastrtps_c.c
-- Up-to-date: /home/signalprocessing-dev/OpenArmIK/ros2_ws/install/openarm_control_msgs/lib/python3.14/site-packages/openarm_control_msgs/openarm_control_msgs_s__rosidl_typesupport_introspection_c.so
-- Installing: /home/signalprocessing-dev/OpenArmIK/ros2_ws/install/openarm_control_msgs/lib/python3.14/site-packages/openarm_control_msgs/action
-- Installing: /home/signalprocessing-dev/OpenArmIK/ros2_ws/install/openarm_control_msgs/lib/python3.14/site-packages/openarm_control_msgs/action/__init__.py
-- Installing: /home/signalprocessing-dev/OpenArmIK/ros2_ws/install/openarm_control_msgs/lib/python3.14/site-packages/openarm_control_msgs/action/_move_joint.py
-- Installing: /home/signalprocessing-dev/OpenArmIK/ros2_ws/install/openarm_control_msgs/lib/python3.14/site-packages/openarm_control_msgs/action/_move_paired_tcp_s.c
-- Installing: /home/signalprocessing-dev/OpenArmIK/ros2_ws/install/openarm_control_msgs/lib/python3.14/site-packages/openarm_control_msgs/action/_move_joint_s.c
-- Installing: /home/signalprocessing-dev/OpenArmIK/ros2_ws/install/openarm_control_msgs/lib/python3.14/site-packages/openarm_control_msgs/action/_move_paired_tcp.py
-- Installing: /home/signalprocessing-dev/OpenArmIK/ros2_ws/install/openarm_control_msgs/lib/python3.14/site-packages/openarm_control_msgs/_openarm_control_msgs_s.ep.rosidl_typesupport_c.c
Listing '/home/signalprocessing-dev/OpenArmIK/ros2_ws/install/openarm_control_msgs/lib/python3.14/site-packages/openarm_control_msgs'...
Compiling '/home/signalprocessing-dev/OpenArmIK/ros2_ws/install/openarm_control_msgs/lib/python3.14/site-packages/openarm_control_msgs/__init__.py'...
Listing '/home/signalprocessing-dev/OpenArmIK/ros2_ws/install/openarm_control_msgs/lib/python3.14/site-packages/openarm_control_msgs/action'...
Compiling '/home/signalprocessing-dev/OpenArmIK/ros2_ws/install/openarm_control_msgs/lib/python3.14/site-packages/openarm_control_msgs/action/__init__.py'...
Compiling '/home/signalprocessing-dev/OpenArmIK/ros2_ws/install/openarm_control_msgs/lib/python3.14/site-packages/openarm_control_msgs/action/_move_joint.py'...
Compiling '/home/signalprocessing-dev/OpenArmIK/ros2_ws/install/openarm_control_msgs/lib/python3.14/site-packages/openarm_control_msgs/action/_move_paired_tcp.py'...
-- Installing: /home/signalprocessing-dev/OpenArmIK/ros2_ws/install/openarm_control_msgs/share/openarm_control_msgs/cmake/rosidl_cmake-extras.cmake
-- Installing: /home/signalprocessing-dev/OpenArmIK/ros2_ws/install/openarm_control_msgs/share/openarm_control_msgs/cmake/ament_cmake_export_dependencies-extras.cmake
-- Installing: /home/signalprocessing-dev/OpenArmIK/ros2_ws/install/openarm_control_msgs/share/openarm_control_msgs/cmake/ament_cmake_export_include_directories-extras.cmake
-- Installing: /home/signalprocessing-dev/OpenArmIK/ros2_ws/install/openarm_control_msgs/share/openarm_control_msgs/cmake/ament_cmake_export_libraries-extras.cmake
-- Installing: /home/signalprocessing-dev/OpenArmIK/ros2_ws/install/openarm_control_msgs/share/openarm_control_msgs/cmake/ament_cmake_export_targets-extras.cmake
-- Installing: /home/signalprocessing-dev/OpenArmIK/ros2_ws/install/openarm_control_msgs/share/openarm_control_msgs/cmake/rosidl_cmake_export_typesupport_targets-extras.cmake
-- Installing: /home/signalprocessing-dev/OpenArmIK/ros2_ws/install/openarm_control_msgs/share/openarm_control_msgs/cmake/rosidl_cmake_export_typesupport_libraries-extras.cmake
-- Installing: /home/signalprocessing-dev/OpenArmIK/ros2_ws/install/openarm_control_msgs/share/openarm_control_msgs/cmake/rosidl_cmake_aggregate_target-extras.cmake
-- Installing: /home/signalprocessing-dev/OpenArmIK/ros2_ws/install/openarm_control_msgs/share/openarm_control_msgs/cmake/openarm_control_msgsConfig.cmake
-- Installing: /home/signalprocessing-dev/OpenArmIK/ros2_ws/install/openarm_control_msgs/share/openarm_control_msgs/cmake/openarm_control_msgsConfig-version.cmake
-- Installing: /home/signalprocessing-dev/OpenArmIK/ros2_ws/install/openarm_control_msgs/share/openarm_control_msgs/package.xml
--- stderr: openarm_control_msgs
CMake Warning:
  Manually-specified variables were not used by the project:

    OPENARM_IK_ROS_COVERAGE


---
Finished <<< openarm_control_msgs [6.73s]
Starting >>> openarm_ik_ros
-- The C compiler identification is GNU 15.2.0
-- The CXX compiler identification is GNU 15.2.0
-- Detecting C compiler ABI info
-- Detecting C compiler ABI info - done
-- Check for working C compiler: /usr/bin/cc - skipped
-- Detecting C compile features
-- Detecting C compile features - done
-- Detecting CXX compiler ABI info
-- Detecting CXX compiler ABI info - done
-- Check for working CXX compiler: /usr/bin/c++ - skipped
-- Detecting CXX compile features
-- Detecting CXX compile features - done
-- Found ament_cmake: 2.8.7 (/opt/ros/lyrical/share/ament_cmake/cmake)
-- Found diagnostic_msgs: 5.9.2 (/opt/ros/lyrical/share/diagnostic_msgs/cmake)
-- Found rosidl_generator_c: 5.2.1 (/opt/ros/lyrical/share/rosidl_generator_c/cmake)
-- Found rosidl_generator_cpp: 5.2.1 (/opt/ros/lyrical/share/rosidl_generator_cpp/cmake)
-- Using all available rosidl_typesupport_c: rosidl_typesupport_fastrtps_c;rosidl_typesupport_introspection_c
-- Using all available rosidl_typesupport_cpp: rosidl_typesupport_fastrtps_cpp;rosidl_typesupport_introspection_cpp
-- Found geometry_msgs: 5.9.2 (/opt/ros/lyrical/share/geometry_msgs/cmake)
-- Performing Test CMAKE_HAVE_LIBC_PTHREAD
-- Performing Test CMAKE_HAVE_LIBC_PTHREAD - Success
-- Found Threads: TRUE
-- Found openarm_control_msgs: 0.1.0 (/home/signalprocessing-dev/OpenArmIK/ros2_ws/install/openarm_control_msgs/share/openarm_control_msgs/cmake)
-- Found openarm_description: 1.0.0 (/home/signalprocessing-dev/OpenArmIK/ros2_ws/install/openarm_description/share/openarm_description/cmake)
-- Found rclcpp: 32.0.0 (/opt/ros/lyrical/share/rclcpp/cmake)
-- Found rmw_implementation_cmake: 7.10.1 (/opt/ros/lyrical/share/rmw_implementation_cmake/cmake)
-- Found rmw_fastrtps_cpp: 9.4.8 (/opt/ros/lyrical/share/rmw_fastrtps_cpp/cmake)
-- Using RMW implementation 'rmw_fastrtps_cpp' as default
-- Found rclcpp_action: 32.0.0 (/opt/ros/lyrical/share/rclcpp_action/cmake)
-- Found sensor_msgs: 5.9.2 (/opt/ros/lyrical/share/sensor_msgs/cmake)
-- Found tf2: 0.45.7 (/opt/ros/lyrical/share/tf2/cmake)
-- Found tf2_geometry_msgs: 0.45.7 (/opt/ros/lyrical/share/tf2_geometry_msgs/cmake)
-- Found X11: /usr/include
-- Looking for XOpenDisplay in /usr/lib/x86_64-linux-gnu/libX11.so;/usr/lib/x86_64-linux-gnu/libXext.so
-- Looking for XOpenDisplay in /usr/lib/x86_64-linux-gnu/libX11.so;/usr/lib/x86_64-linux-gnu/libXext.so - found
-- Looking for gethostbyname
-- Looking for gethostbyname - found
-- Looking for connect
-- Looking for connect - found
-- Looking for remove
-- Looking for remove - found
-- Looking for shmat
-- Looking for shmat - found
-- Looking for IceConnectionNumber in ICE
-- Looking for IceConnectionNumber in ICE - found
-- Found ament_cmake_gtest: 2.8.7 (/opt/ros/lyrical/share/ament_cmake_gtest/cmake)
-- Found Python3: /usr/bin/python3 (found version "3.14.4") found components: Interpreter
-- Found GTest: /usr/lib/x86_64-linux-gnu/cmake/GTest/GTestConfig.cmake (found version "1.17.0")
-- Configuring done (1.5s)
-- Generating done (0.0s)
-- Build files have been written to: /home/signalprocessing-dev/OpenArmIK/ros2_ws/build/openarm_ik_ros
[ 10%] Building CXX object CMakeFiles/close_rviz_window.dir/src/close_rviz_window.cpp.o
[ 20%] Building CXX object CMakeFiles/openarm_control_cli.dir/src/openarm_control_cli.cpp.o
[ 30%] Building CXX object CMakeFiles/openarm_virtual_control_session.dir/src/virtual_control_session.cpp.o
[ 40%] Linking CXX executable close_rviz_window
[ 40%] Built target close_rviz_window
[ 50%] Linking CXX static library libopenarm_virtual_control_session.a
[ 50%] Built target openarm_virtual_control_session
[ 60%] Building CXX object CMakeFiles/openarm_ik_ros_node.dir/src/openarm_ik_ros_node.cpp.o
[ 70%] Building CXX object CMakeFiles/test_virtual_control_session.dir/test/test_virtual_control_session.cpp.o
[ 80%] Linking CXX executable test_virtual_control_session
[ 80%] Built target test_virtual_control_session
[ 90%] Linking CXX executable openarm_control_cli
[ 90%] Built target openarm_control_cli
[100%] Linking CXX executable openarm_ik_ros_node
[100%] Built target openarm_ik_ros_node
-- Install configuration: "Release"
-- Installing: /home/signalprocessing-dev/OpenArmIK/ros2_ws/install/openarm_ik_ros/lib/openarm_ik_ros/openarm_ik_ros_node
-- Set non-toolchain portion of runtime path of "/home/signalprocessing-dev/OpenArmIK/ros2_ws/install/openarm_ik_ros/lib/openarm_ik_ros/openarm_ik_ros_node" to ""
-- Installing: /home/signalprocessing-dev/OpenArmIK/ros2_ws/install/openarm_ik_ros/lib/openarm_ik_ros/openarm_control_cli
-- Set non-toolchain portion of runtime path of "/home/signalprocessing-dev/OpenArmIK/ros2_ws/install/openarm_ik_ros/lib/openarm_ik_ros/openarm_control_cli" to ""
-- Installing: /home/signalprocessing-dev/OpenArmIK/ros2_ws/install/openarm_ik_ros/lib/openarm_ik_ros/close_rviz_window
-- Installing: /home/signalprocessing-dev/OpenArmIK/ros2_ws/install/openarm_ik_ros/share/openarm_ik_ros/launch
-- Installing: /home/signalprocessing-dev/OpenArmIK/ros2_ws/install/openarm_ik_ros/share/openarm_ik_ros/launch/openarm_ik_rviz.launch.py
-- Installing: /home/signalprocessing-dev/OpenArmIK/ros2_ws/install/openarm_ik_ros/share/openarm_ik_ros/rviz
-- Installing: /home/signalprocessing-dev/OpenArmIK/ros2_ws/install/openarm_ik_ros/share/openarm_ik_ros/rviz/openarm_ik.rviz
-- Installing: /home/signalprocessing-dev/OpenArmIK/ros2_ws/install/openarm_ik_ros/share/openarm_ik_ros/package.xml
-- Installing: /home/signalprocessing-dev/OpenArmIK/ros2_ws/install/openarm_ik_ros/share/openarm_ik_ros/README.md
-- Installing: /home/signalprocessing-dev/OpenArmIK/ros2_ws/install/openarm_ik_ros/share/openarm_ik_ros/urdf/openarm_v10_bimanual.urdf
-- Installing: /home/signalprocessing-dev/OpenArmIK/ros2_ws/install/openarm_ik_ros/share/ament_index/resource_index/package_run_dependencies/openarm_ik_ros
-- Installing: /home/signalprocessing-dev/OpenArmIK/ros2_ws/install/openarm_ik_ros/share/ament_index/resource_index/parent_prefix_path/openarm_ik_ros
-- Installing: /home/signalprocessing-dev/OpenArmIK/ros2_ws/install/openarm_ik_ros/share/openarm_ik_ros/environment/ament_prefix_path.sh
-- Installing: /home/signalprocessing-dev/OpenArmIK/ros2_ws/install/openarm_ik_ros/share/openarm_ik_ros/environment/ament_prefix_path.dsv
-- Installing: /home/signalprocessing-dev/OpenArmIK/ros2_ws/install/openarm_ik_ros/share/openarm_ik_ros/environment/path.sh
-- Installing: /home/signalprocessing-dev/OpenArmIK/ros2_ws/install/openarm_ik_ros/share/openarm_ik_ros/environment/path.dsv
-- Installing: /home/signalprocessing-dev/OpenArmIK/ros2_ws/install/openarm_ik_ros/share/openarm_ik_ros/local_setup.bash
-- Installing: /home/signalprocessing-dev/OpenArmIK/ros2_ws/install/openarm_ik_ros/share/openarm_ik_ros/local_setup.fish
-- Installing: /home/signalprocessing-dev/OpenArmIK/ros2_ws/install/openarm_ik_ros/share/openarm_ik_ros/local_setup.sh
-- Installing: /home/signalprocessing-dev/OpenArmIK/ros2_ws/install/openarm_ik_ros/share/openarm_ik_ros/local_setup.zsh
-- Installing: /home/signalprocessing-dev/OpenArmIK/ros2_ws/install/openarm_ik_ros/share/openarm_ik_ros/local_setup.dsv
-- Installing: /home/signalprocessing-dev/OpenArmIK/ros2_ws/install/openarm_ik_ros/share/openarm_ik_ros/package.dsv
-- Installing: /home/signalprocessing-dev/OpenArmIK/ros2_ws/install/openarm_ik_ros/share/ament_index/resource_index/packages/openarm_ik_ros
-- Installing: /home/signalprocessing-dev/OpenArmIK/ros2_ws/install/openarm_ik_ros/share/openarm_ik_ros/cmake/openarm_ik_rosConfig.cmake
-- Installing: /home/signalprocessing-dev/OpenArmIK/ros2_ws/install/openarm_ik_ros/share/openarm_ik_ros/cmake/openarm_ik_rosConfig-version.cmake
-- Up-to-date: /home/signalprocessing-dev/OpenArmIK/ros2_ws/install/openarm_ik_ros/share/openarm_ik_ros/package.xml
Finished <<< openarm_ik_ros [16.3s]

Summary: 3 packages finished [23.2s]
  2 packages had stderr output: openarm_control_msgs openarm_description
Test project /home/signalprocessing-dev/OpenArmIK/ros2_ws/build/openarm_ik_ros
  Test #1: test_virtual_control_session
  Test #2: test_no_can_linkage
  Test #3: test_generated_urdf
  Test #4: test_invalid_expiry_parameter
  Test #5: test_ros_contract
  Test #6: test_active_sigint
  Test #7: test_close_rviz_window_help
  Test #8: test_close_rviz_window_invalid_pid
  Test #9: test_close_rviz_window_invalid_timeout

Total Tests: 9
OpenArm build complete. Source /home/signalprocessing-dev/OpenArmIK/ros2_ws/install/setup.bash
